node,embed
0xd13c7342e1ef687c5ad21b27c2b65d772cab5c8c,"[0.052098095417022705, -0.009889824315905571, 0.1831657439470291, 0.12907128036022186, 0.246075838804245, -0.012487287633121014, 0.04531985521316528, 0.07663071900606155, -0.09576920419931412, 0.022284865379333496, -0.060231175273656845, 0.17355242371559143, 0.11329396069049835, -0.009700859896838665, 0.121832475066185, -0.0025623678229749203, -0.02717737667262554, -0.08009786903858185, -0.045389994978904724, -0.03783244267106056, -0.0930691808462143, 0.009002032689750195, 0.006582396570593119, 0.1844729334115982, 0.13098649680614471, -0.04206523671746254, 0.05684499815106392, 0.23574665188789368, -0.12184815853834152, 0.1942339539527893, -0.18373164534568787, 0.020090708509087563, -0.2433592975139618, 0.016394516453146935, -0.16845235228538513, 0.21413639187812805, -0.030930794775485992, 0.10298248380422592, -0.16354575753211975, -0.004311937838792801, 0.10058712214231491, 0.015500698238611221, -0.05996522307395935, 0.17458362877368927, 0.09057436883449554, -0.09326448291540146, -0.14195632934570312, 0.19288119673728943, -0.16757072508335114, -0.06732305139303207, -0.04222409799695015, 0.08821996301412582, -0.2095557600259781, -0.00017184288299176842, 0.14251559972763062, 0.22552643716335297, 0.003292109351605177, 0.19971327483654022, 0.22519712150096893, -0.041360966861248016, -0.03584698215126991, -0.17278419435024261, -0.02849346213042736, -0.13014644384384155]"
0xdad0b957bd4ecdb1f8b6d2608947ff2282cf856c,"[-0.07150448858737946, 0.07540947943925858, -0.012613050639629364, 0.09745194762945175, 0.21582511067390442, -0.0006186821847222745, -0.09203564375638962, 0.10834325104951859, -0.09971354156732559, 0.10919204354286194, -0.09314672648906708, 0.011400490999221802, 0.09490001201629639, -0.0016534851165488362, 0.07176176458597183, -0.04874379560351372, -0.034733712673187256, 0.09540258347988129, 0.03181750699877739, -0.10770317912101746, -0.09641464799642563, -0.06232021749019623, -0.16953790187835693, 0.14477252960205078, 0.04683569073677063, 0.04674464091658592, 0.1288003921508789, 0.20640774071216583, -0.02659577503800392, 0.19150392711162567, -0.14126625657081604, 0.07143580913543701, -0.06310252845287323, 0.061020176857709885, -0.14390766620635986, 0.17784015834331512, -0.018148956820368767, 0.1648942530155182, -0.22454318404197693, -0.1269933134317398, 0.024981604889035225, 0.02101798728108406, -0.15903262794017792, 0.10220104455947876, -0.03429285064339638, 0.02781756781041622, -0.07291214913129807, 0.18557646870613098, 0.02900826744735241, -0.03664166107773781, 0.012394391931593418, -0.11266541481018066, -0.055677831172943115, -0.1369256228208542, 0.09911706298589706, 0.31328925490379333, -0.16163675487041473, 0.19995291531085968, 0.3410642147064209, -0.21584287285804749, 0.023308921605348587, -0.18057331442832947, 0.08083508908748627, -0.08694352954626083]"
0xf16e9b0d03470827a95cdfd0cb8a8a3b46969b91,"[-0.07157916575670242, 0.05929073691368103, -0.013407275080680847, 0.09862839430570602, 0.2058066725730896, 0.007556735537946224, -0.0927833691239357, 0.12222270667552948, -0.08024568855762482, 0.12228469550609589, -0.08539915084838867, 0.010674840770661831, 0.09580346941947937, -0.0026054575573652983, 0.07326026260852814, -0.0415174625813961, -0.04129411652684212, 0.10053028911352158, 0.026080776005983353, -0.10447359830141068, -0.08887023478746414, -0.06936366111040115, -0.16774144768714905, 0.14500641822814941, 0.05094762146472931, 0.04432109370827675, 0.11895689368247986, 0.21896910667419434, -0.034184057265520096, 0.18992266058921814, -0.13766121864318848, 0.06532184034585953, -0.05851025506854057, 0.06759301573038101, -0.13919374346733093, 0.18329265713691711, -0.018786562606692314, 0.15903638303279877, -0.2323281615972519, -0.11690562963485718, 0.025719504803419113, 0.00937345065176487, -0.16459684073925018, 0.09206467121839523, -0.043405354022979736, 0.029430348426103592, -0.07405371963977814, 0.18194055557250977, 0.0290126521140337, -0.04212917014956474, 0.01567862182855606, -0.11048472672700882, -0.07050324976444244, -0.15015125274658203, 0.10131518542766571, 0.3124510943889618, -0.16892684996128082, 0.18605217337608337, 0.34593871235847473, -0.2140152007341385, 0.02337057888507843, -0.17620621621608734, 0.07223185896873474, -0.10099819302558899]"
0x12b0f3843ba5d19cd3aa91fe1cb72605fa1d3925,"[-0.07992472499608994, 0.07173649221658707, -0.03347080200910568, 0.088997021317482, 0.1932043433189392, 0.012794281356036663, -0.07987791299819946, 0.11681000888347626, -0.08026567846536636, 0.1236242726445198, -0.09298642724752426, 0.015495789237320423, 0.09391805529594421, -0.0031076811719685793, 0.06422401964664459, -0.03479046747088432, -0.03840997442603111, 0.12064819782972336, 0.03659960255026817, -0.1028052419424057, -0.09561726450920105, -0.06174027547240257, -0.179439976811409, 0.15834173560142517, 0.05935513973236084, 0.030782101675868034, 0.12281771749258041, 0.20588341355323792, -0.04398695379495621, 0.17262540757656097, -0.12261395156383514, 0.047531288117170334, -0.058933135122060776, 0.047607749700546265, -0.13421288132667542, 0.1824422925710678, -0.011103798635303974, 0.14673848450183868, -0.22630858421325684, -0.13133803009986877, 0.033918268978595734, 0.026075277477502823, -0.1657673716545105, 0.1032089814543724, -0.03894646093249321, 0.010744358412921429, -0.06471385806798935, 0.17400924861431122, 0.03638383746147156, -0.020803093910217285, 0.0033153158146888018, -0.12664084136486053, -0.07257536798715591, -0.15618857741355896, 0.09033854305744171, 0.32615748047828674, -0.16377626359462738, 0.20387868583202362, 0.3502699136734009, -0.19753848016262054, 0.014278470538556576, -0.19086547195911407, 0.0851139947772026, -0.09376226365566254]"
0x738cf6903e6c4e699d1c2dd9ab8b67fcdb3121ea,"[0.052098095417022705, -0.009889824315905571, 0.1831657439470291, 0.12907128036022186, 0.246075838804245, -0.012487287633121014, 0.04531985521316528, 0.07663071900606155, -0.09576920419931412, 0.022284865379333496, -0.060231175273656845, 0.17355242371559143, 0.11329396069049835, -0.009700859896838665, 0.121832475066185, -0.0025623678229749203, -0.02717737667262554, -0.08009786903858185, -0.045389994978904724, -0.03783244267106056, -0.0930691808462143, 0.009002032689750195, 0.006582396570593119, 0.1844729334115982, 0.13098649680614471, -0.04206523671746254, 0.05684499815106392, 0.23574665188789368, -0.12184815853834152, 0.1942339539527893, -0.18373164534568787, 0.020090708509087563, -0.2433592975139618, 0.016394516453146935, -0.16845235228538513, 0.21413639187812805, -0.030930794775485992, 0.10298248380422592, -0.16354575753211975, -0.004311937838792801, 0.10058712214231491, 0.015500698238611221, -0.05996522307395935, 0.17458362877368927, 0.09057436883449554, -0.09326448291540146, -0.14195632934570312, 0.19288119673728943, -0.16757072508335114, -0.06732305139303207, -0.04222409799695015, 0.08821996301412582, -0.2095557600259781, -0.00017184288299176842, 0.14251559972763062, 0.22552643716335297, 0.003292109351605177, 0.19971327483654022, 0.22519712150096893, -0.041360966861248016, -0.03584698215126991, -0.17278419435024261, -0.02849346213042736, -0.13014644384384155]"
0xf94b5c5651c888d928439ab6514b93944eee6f48,"[0.052098095417022705, -0.009889824315905571, 0.1831657439470291, 0.12907128036022186, 0.246075838804245, -0.012487287633121014, 0.04531985521316528, 0.07663071900606155, -0.09576920419931412, 0.022284865379333496, -0.060231175273656845, 0.17355242371559143, 0.11329396069049835, -0.009700859896838665, 0.121832475066185, -0.0025623678229749203, -0.02717737667262554, -0.08009786903858185, -0.045389994978904724, -0.03783244267106056, -0.0930691808462143, 0.009002032689750195, 0.006582396570593119, 0.1844729334115982, 0.13098649680614471, -0.04206523671746254, 0.05684499815106392, 0.23574665188789368, -0.12184815853834152, 0.1942339539527893, -0.18373164534568787, 0.020090708509087563, -0.2433592975139618, 0.016394516453146935, -0.16845235228538513, 0.21413639187812805, -0.030930794775485992, 0.10298248380422592, -0.16354575753211975, -0.004311937838792801, 0.10058712214231491, 0.015500698238611221, -0.05996522307395935, 0.17458362877368927, 0.09057436883449554, -0.09326448291540146, -0.14195632934570312, 0.19288119673728943, -0.16757072508335114, -0.06732305139303207, -0.04222409799695015, 0.08821996301412582, -0.2095557600259781, -0.00017184288299176842, 0.14251559972763062, 0.22552643716335297, 0.003292109351605177, 0.19971327483654022, 0.22519712150096893, -0.041360966861248016, -0.03584698215126991, -0.17278419435024261, -0.02849346213042736, -0.13014644384384155]"
0x66761fa41377003622aee3c7675fc7b5c1c2fac5,"[0.05209808796644211, -0.0098898159340024, 0.1831657737493515, 0.12907129526138306, 0.2460758537054062, -0.012487283907830715, 0.04531985521316528, 0.07663070410490036, -0.09576915204524994, 0.022284893319010735, -0.06023117154836655, 0.17355242371559143, 0.11329399049282074, -0.009700900875031948, 0.121832475066185, -0.0025623489636927843, -0.027177361771464348, -0.08009781688451767, -0.04539000615477562, -0.037832457572221756, -0.0930691584944725, 0.009001994505524635, 0.006582355592399836, 0.184472918510437, 0.13098646700382233, -0.04206523671746254, 0.05684499070048332, 0.2357466071844101, -0.12184818834066391, 0.1942339539527893, -0.18373166024684906, 0.020090723410248756, -0.24335934221744537, 0.016394495964050293, -0.16845232248306274, 0.21413639187812805, -0.030930781736969948, 0.1029825359582901, -0.16354575753211975, -0.0043119583278894424, 0.1005871519446373, 0.015500657260417938, -0.059965211898088455, 0.17458365857601166, 0.09057436883449554, -0.09326448291540146, -0.1419563740491867, 0.192881241440773, -0.16757071018218994, -0.06732305139303207, -0.04222416505217552, 0.08821996301412582, -0.2095557451248169, -0.0001717943960102275, 0.14251556992530823, 0.22552643716335297, 0.0032920888625085354, 0.19971324503421783, 0.22519713640213013, -0.041360966861248016, -0.035846956074237823, -0.17278416454792023, -0.028493482619524002, -0.13014647364616394]"
0x741e97e4d946286b5f9495952c46de0620dcfedc,"[-0.07313469052314758, 0.07157400250434875, -0.014445612207055092, 0.09801381081342697, 0.21364016830921173, 0.0005756911123171449, -0.09320487082004547, 0.11277361214160919, -0.09552641212940216, 0.11422879993915558, -0.0893964096903801, 0.010362237691879272, 0.0952426865696907, -0.0024390756152570248, 0.07131028175354004, -0.04816504195332527, -0.03666776418685913, 0.09725350886583328, 0.030791491270065308, -0.10586390644311905, -0.09443650394678116, -0.065606489777565, -0.16833877563476562, 0.14287638664245605, 0.0491882748901844, 0.04677792266011238, 0.12624479830265045, 0.20833998918533325, -0.027195222675800323, 0.19129009544849396, -0.13891835510730743, 0.06887512654066086, -0.06000319495797157, 0.06138235703110695, -0.1417122334241867, 0.1800088882446289, -0.018430005759000778, 0.16267338395118713, -0.22729350626468658, -0.12414918839931488, 0.023690251633524895, 0.01824868842959404, -0.16200868785381317, 0.10043089836835861, -0.037307851016521454, 0.02906910702586174, -0.07325379550457001, 0.184844970703125, 0.0300581231713295, -0.037003278732299805, 0.013455740176141262, -0.11276454478502274, -0.057199738919734955, -0.14064088463783264, 0.09831485897302628, 0.3109143078327179, -0.16253401339054108, 0.19788289070129395, 0.343855619430542, -0.21696169674396515, 0.02352925017476082, -0.1805213838815689, 0.07932005077600479, -0.08973659574985504]"
0x3085254db0dadfaaa825be5441de49b7c50d4f40,"[-0.0784435123205185, 0.06408713012933731, -0.025808418169617653, 0.09361476451158524, 0.20734082162380219, 0.005679281894117594, -0.08157641440629959, 0.11189094185829163, -0.08077152818441391, 0.12430160492658615, -0.09308803826570511, 0.01590752974152565, 0.08896292001008987, -0.006717648822814226, 0.06870640814304352, -0.04086480289697647, -0.041133541613817215, 0.10928930342197418, 0.03903675079345703, -0.10809624195098877, -0.09097588807344437, -0.06651511788368225, -0.17545358836650848, 0.14926059544086456, 0.05996716767549515, 0.03238926827907562, 0.11887271702289581, 0.20355506241321564, -0.03645091503858566, 0.18015271425247192, -0.12674476206302643, 0.05043482407927513, -0.06388472020626068, 0.042965956032276154, -0.1377069056034088, 0.1846633404493332, -0.014946588315069675, 0.15098868310451508, -0.2298579216003418, -0.12569375336170197, 0.030096041038632393, 0.017269985750317574, -0.16983255743980408, 0.1103280559182167, -0.03929150849580765, 0.00945932138711214, -0.07310045510530472, 0.17453457415103912, 0.03237219154834747, -0.02994554117321968, 0.009732956066727638, -0.11777363717556, -0.0682678297162056, -0.14367161691188812, 0.09220952540636063, 0.31903135776519775, -0.1687033772468567, 0.20804928243160248, 0.35003694891929626, -0.2054862082004547, 0.012825589627027512, -0.18677112460136414, 0.07896861433982849, -0.08988488465547562]"
0xd084b83c305dafd76ae3e1b4e1f1fe2ecccb3988,"[0.052098095417022705, -0.009889824315905571, 0.1831657439470291, 0.12907128036022186, 0.246075838804245, -0.012487287633121014, 0.04531985521316528, 0.07663071900606155, -0.09576920419931412, 0.022284865379333496, -0.060231175273656845, 0.17355242371559143, 0.11329396069049835, -0.009700859896838665, 0.121832475066185, -0.0025623678229749203, -0.02717737667262554, -0.08009786903858185, -0.045389994978904724, -0.03783244267106056, -0.0930691808462143, 0.009002032689750195, 0.006582396570593119, 0.1844729334115982, 0.13098649680614471, -0.04206523671746254, 0.05684499815106392, 0.23574665188789368, -0.12184815853834152, 0.1942339539527893, -0.18373164534568787, 0.020090708509087563, -0.2433592975139618, 0.016394516453146935, -0.16845235228538513, 0.21413639187812805, -0.030930794775485992, 0.10298248380422592, -0.16354575753211975, -0.004311937838792801, 0.10058712214231491, 0.015500698238611221, -0.05996522307395935, 0.17458362877368927, 0.09057436883449554, -0.09326448291540146, -0.14195632934570312, 0.19288119673728943, -0.16757072508335114, -0.06732305139303207, -0.04222409799695015, 0.08821996301412582, -0.2095557600259781, -0.00017184288299176842, 0.14251559972763062, 0.22552643716335297, 0.003292109351605177, 0.19971327483654022, 0.22519712150096893, -0.041360966861248016, -0.03584698215126991, -0.17278419435024261, -0.02849346213042736, -0.13014644384384155]"
0x6b9f031d718dded0d681c20cb754f97b3bb81b78,"[0.052098095417022705, -0.009889824315905571, 0.1831657439470291, 0.12907128036022186, 0.246075838804245, -0.012487287633121014, 0.04531985521316528, 0.07663071900606155, -0.09576920419931412, 0.022284865379333496, -0.060231175273656845, 0.17355242371559143, 0.11329396069049835, -0.009700859896838665, 0.121832475066185, -0.0025623678229749203, -0.02717737667262554, -0.08009786903858185, -0.045389994978904724, -0.03783244267106056, -0.0930691808462143, 0.009002032689750195, 0.006582396570593119, 0.1844729334115982, 0.13098649680614471, -0.04206523671746254, 0.05684499815106392, 0.23574665188789368, -0.12184815853834152, 0.1942339539527893, -0.18373164534568787, 0.020090708509087563, -0.2433592975139618, 0.016394516453146935, -0.16845235228538513, 0.21413639187812805, -0.030930794775485992, 0.10298248380422592, -0.16354575753211975, -0.004311937838792801, 0.10058712214231491, 0.015500698238611221, -0.05996522307395935, 0.17458362877368927, 0.09057436883449554, -0.09326448291540146, -0.14195632934570312, 0.19288119673728943, -0.16757072508335114, -0.06732305139303207, -0.04222409799695015, 0.08821996301412582, -0.2095557600259781, -0.00017184288299176842, 0.14251559972763062, 0.22552643716335297, 0.003292109351605177, 0.19971327483654022, 0.22519712150096893, -0.041360966861248016, -0.03584698215126991, -0.17278419435024261, -0.02849346213042736, -0.13014644384384155]"
0xae6ad38e2293c3e2bb5936edcbf005b135fb168a,"[-0.07948683202266693, 0.06997358798980713, -0.030094733461737633, 0.09093841165304184, 0.19812987744808197, 0.010260178707540035, -0.08188516646623611, 0.11545144021511078, -0.08024334907531738, 0.12411628663539886, -0.09231453388929367, 0.014515835791826248, 0.09283497929573059, -0.004315535072237253, 0.0658961832523346, -0.03697392717003822, -0.03906785324215889, 0.11641711741685867, 0.03770333155989647, -0.10418519377708435, -0.09322196245193481, -0.06328350305557251, -0.17836137115955353, 0.15442490577697754, 0.05934460833668709, 0.0316949188709259, 0.1213972419500351, 0.20601408183574677, -0.04222780466079712, 0.1751844584941864, -0.12443839013576508, 0.049708377569913864, -0.05975554138422012, 0.047106172889471054, -0.1349729299545288, 0.18287178874015808, -0.01346592791378498, 0.14839980006217957, -0.22794131934642792, -0.12955789268016815, 0.032162297517061234, 0.023342648521065712, -0.16687890887260437, 0.10435860604047775, -0.038991350680589676, 0.01166452281177044, -0.06728972494602203, 0.1744556427001953, 0.03604091703891754, -0.02437291294336319, 0.005238838028162718, -0.1231331005692482, -0.07117372751235962, -0.15291309356689453, 0.09111516922712326, 0.3232406973838806, -0.16502465307712555, 0.2043600082397461, 0.3503681719303131, -0.20081762969493866, 0.014476725831627846, -0.18913157284259796, 0.08398802578449249, -0.09317487478256226]"
0x1d8224b798e29f98379ab429aa716cdfe320c784,"[-0.08001991361379623, 0.07319419085979462, -0.02963809296488762, 0.09166861325502396, 0.19519688189029694, 0.0107804574072361, -0.08674271404743195, 0.1205255389213562, -0.08206503838300705, 0.1245545744895935, -0.08742918074131012, 0.010692468844354153, 0.09654346108436584, -0.002546051749959588, 0.0653906837105751, -0.03782031312584877, -0.03746146336197853, 0.11652977019548416, 0.03391008451581001, -0.099948450922966, -0.09284546226263046, -0.06366416811943054, -0.1769406795501709, 0.15172138810157776, 0.056886471807956696, 0.03643022105097771, 0.12277484685182571, 0.20963048934936523, -0.04181976243853569, 0.17668785154819489, -0.1258438527584076, 0.0535070039331913, -0.053445398807525635, 0.05519187077879906, -0.1335017830133438, 0.18311619758605957, -0.014036842621862888, 0.14932523667812347, -0.22919581830501556, -0.12891113758087158, 0.029051683843135834, 0.023886358365416527, -0.1658155918121338, 0.0969097688794136, -0.040009211748838425, 0.020946407690644264, -0.0650690570473671, 0.17704534530639648, 0.037660863250494, -0.023868324235081673, 0.00473002390936017, -0.12336534261703491, -0.0693332701921463, -0.15994395315647125, 0.09290856868028641, 0.3195492625236511, -0.16235537827014923, 0.1985180377960205, 0.3500957489013672, -0.2040156126022339, 0.019307950511574745, -0.1877092570066452, 0.08579444885253906, -0.0957518145442009]"
0xbf2179859fc6d5bee9bf9158632dc51678a4100e,"[0.05209808796644211, -0.0098898159340024, 0.1831657737493515, 0.12907129526138306, 0.2460758537054062, -0.012487283907830715, 0.04531985521316528, 0.07663070410490036, -0.09576915204524994, 0.022284893319010735, -0.06023117154836655, 0.17355242371559143, 0.11329399049282074, -0.009700900875031948, 0.121832475066185, -0.0025623489636927843, -0.027177361771464348, -0.08009781688451767, -0.04539000615477562, -0.037832457572221756, -0.0930691584944725, 0.009001994505524635, 0.006582355592399836, 0.184472918510437, 0.13098646700382233, -0.04206523671746254, 0.05684499070048332, 0.2357466071844101, -0.12184818834066391, 0.1942339539527893, -0.18373166024684906, 0.020090723410248756, -0.24335934221744537, 0.016394495964050293, -0.16845232248306274, 0.21413639187812805, -0.030930781736969948, 0.1029825359582901, -0.16354575753211975, -0.0043119583278894424, 0.1005871519446373, 0.015500657260417938, -0.059965211898088455, 0.17458365857601166, 0.09057436883449554, -0.09326448291540146, -0.1419563740491867, 0.192881241440773, -0.16757071018218994, -0.06732305139303207, -0.04222416505217552, 0.08821996301412582, -0.2095557451248169, -0.0001717943960102275, 0.14251556992530823, 0.22552643716335297, 0.0032920888625085354, 0.19971324503421783, 0.22519713640213013, -0.041360966861248016, -0.035846956074237823, -0.17278416454792023, -0.028493482619524002, -0.13014647364616394]"
0x53f09e87846c6124d2195882e5ffc5355e025539,"[-0.0767044648528099, 0.06692790240049362, -0.02552538923919201, 0.09386789798736572, 0.2117166370153427, 0.0028362260200083256, -0.0836196020245552, 0.11351533234119415, -0.0773693099617958, 0.1273183524608612, -0.09277267754077911, 0.024438466876745224, 0.0973486453294754, -0.005408932454884052, 0.06653487682342529, -0.03985370323061943, -0.04681430011987686, 0.10320156067609787, 0.041328832507133484, -0.11267180740833282, -0.08671197295188904, -0.06828813254833221, -0.17363694310188293, 0.15086279809474945, 0.061025362461805344, 0.03649269789457321, 0.11471594125032425, 0.20143036544322968, -0.03288000449538231, 0.18093594908714294, -0.12780514359474182, 0.04836570844054222, -0.0768088847398758, 0.04248331859707832, -0.1389816701412201, 0.1860465258359909, -0.01528636459261179, 0.1662985235452652, -0.23138593137264252, -0.1264529526233673, 0.027287131175398827, 0.011209041811525822, -0.17035795748233795, 0.1129530668258667, -0.03446781635284424, 0.004715613089501858, -0.07152244448661804, 0.17391154170036316, 0.028968429192900658, -0.030084941536188126, 0.0069272201508283615, -0.10649675130844116, -0.07157497107982635, -0.14266665279865265, 0.08820373564958572, 0.31486696004867554, -0.1637832671403885, 0.1999426931142807, 0.3495142459869385, -0.20526793599128723, 0.007061991840600967, -0.18426518142223358, 0.0859331414103508, -0.09291844069957733]"
0xbbf99342e803340da3c56b9710bcdec58b477010,"[-0.07208096981048584, 0.06988713145256042, -0.01301430631428957, 0.09790320694446564, 0.21378964185714722, 0.0012717392528429627, -0.09272902458906174, 0.11287922412157059, -0.09450078755617142, 0.11390621960163116, -0.08995162695646286, 0.011139335110783577, 0.09502439200878143, -0.002054547891020775, 0.07209859788417816, -0.047513123601675034, -0.03739476203918457, 0.09661214798688889, 0.030293475836515427, -0.10703713446855545, -0.09412715584039688, -0.06539987772703171, -0.16794845461845398, 0.1440785825252533, 0.048469096422195435, 0.04659512639045715, 0.1259811818599701, 0.20973189175128937, -0.02751186117529869, 0.19170859456062317, -0.13994289934635162, 0.0695955827832222, -0.06156361848115921, 0.06264082342386246, -0.14239001274108887, 0.17953242361545563, -0.018662748858332634, 0.16362349689006805, -0.22717563807964325, -0.1232113242149353, 0.024541333317756653, 0.017008278518915176, -0.1611843854188919, 0.10020459443330765, -0.03730642795562744, 0.02876143902540207, -0.07385766506195068, 0.18518871068954468, 0.02873603254556656, -0.03891270235180855, 0.014332804828882217, -0.1118781641125679, -0.058887120336294174, -0.1397894322872162, 0.09879820048809052, 0.3119344413280487, -0.1633518785238266, 0.19613157212734222, 0.34308239817619324, -0.21626931428909302, 0.02309512346982956, -0.17973211407661438, 0.07780870795249939, -0.09117969870567322]"
0x4b58a6294669505925fc4190d869ef62804f3939,"[-0.07313469052314758, 0.07157400250434875, -0.014445612207055092, 0.09801381081342697, 0.21364016830921173, 0.0005756911123171449, -0.09320487082004547, 0.11277361214160919, -0.09552641212940216, 0.11422879993915558, -0.0893964096903801, 0.010362237691879272, 0.0952426865696907, -0.0024390756152570248, 0.07131028175354004, -0.04816504195332527, -0.03666776418685913, 0.09725350886583328, 0.030791491270065308, -0.10586390644311905, -0.09443650394678116, -0.065606489777565, -0.16833877563476562, 0.14287638664245605, 0.0491882748901844, 0.04677792266011238, 0.12624479830265045, 0.20833998918533325, -0.027195222675800323, 0.19129009544849396, -0.13891835510730743, 0.06887512654066086, -0.06000319495797157, 0.06138235703110695, -0.1417122334241867, 0.1800088882446289, -0.018430005759000778, 0.16267338395118713, -0.22729350626468658, -0.12414918839931488, 0.023690251633524895, 0.01824868842959404, -0.16200868785381317, 0.10043089836835861, -0.037307851016521454, 0.02906910702586174, -0.07325379550457001, 0.184844970703125, 0.0300581231713295, -0.037003278732299805, 0.013455740176141262, -0.11276454478502274, -0.057199738919734955, -0.14064088463783264, 0.09831485897302628, 0.3109143078327179, -0.16253401339054108, 0.19788289070129395, 0.343855619430542, -0.21696169674396515, 0.02352925017476082, -0.1805213838815689, 0.07932005077600479, -0.08973659574985504]"
0xe8fdbe8b11d1e0c75f6d6bde79342fe59149995f,"[-0.07208096981048584, 0.06988713145256042, -0.01301430631428957, 0.09790320694446564, 0.21378964185714722, 0.0012717392528429627, -0.09272902458906174, 0.11287922412157059, -0.09450078755617142, 0.11390621960163116, -0.08995162695646286, 0.011139335110783577, 0.09502439200878143, -0.002054547891020775, 0.07209859788417816, -0.047513123601675034, -0.03739476203918457, 0.09661214798688889, 0.030293475836515427, -0.10703713446855545, -0.09412715584039688, -0.06539987772703171, -0.16794845461845398, 0.1440785825252533, 0.048469096422195435, 0.04659512639045715, 0.1259811818599701, 0.20973189175128937, -0.02751186117529869, 0.19170859456062317, -0.13994289934635162, 0.0695955827832222, -0.06156361848115921, 0.06264082342386246, -0.14239001274108887, 0.17953242361545563, -0.018662748858332634, 0.16362349689006805, -0.22717563807964325, -0.1232113242149353, 0.024541333317756653, 0.017008278518915176, -0.1611843854188919, 0.10020459443330765, -0.03730642795562744, 0.02876143902540207, -0.07385766506195068, 0.18518871068954468, 0.02873603254556656, -0.03891270235180855, 0.014332804828882217, -0.1118781641125679, -0.058887120336294174, -0.1397894322872162, 0.09879820048809052, 0.3119344413280487, -0.1633518785238266, 0.19613157212734222, 0.34308239817619324, -0.21626931428909302, 0.02309512346982956, -0.17973211407661438, 0.07780870795249939, -0.09117969870567322]"
0x92524408bd5263a5ab25add57908eeb4f4ba9a16,"[-0.07529585808515549, 0.08167858421802521, -0.01806647703051567, 0.09380035847425461, 0.21019938588142395, 0.003696598345413804, -0.09050596505403519, 0.11017140746116638, -0.10045769810676575, 0.10990110784769058, -0.09212537109851837, 0.01119167823344469, 0.09641683846712112, 0.00010154135088669136, 0.06971840560436249, -0.046153467148542404, -0.033604707568883896, 0.10221877694129944, 0.03337957710027695, -0.10496705025434494, -0.09859631210565567, -0.058255378156900406, -0.17277966439723969, 0.14867953956127167, 0.048279862850904465, 0.044690463691949844, 0.13078513741493225, 0.20546305179595947, -0.031304650008678436, 0.1866099238395691, -0.13845179975032806, 0.0687170922756195, -0.06107885017991066, 0.05899261683225632, -0.14166395366191864, 0.17752999067306519, -0.016102295368909836, 0.16078735888004303, -0.22289425134658813, -0.1301952451467514, 0.027042638510465622, 0.026454709470272064, -0.1578761637210846, 0.10109497606754303, -0.03328486159443855, 0.027683621272444725, -0.06840184330940247, 0.1850215643644333, 0.03256860002875328, -0.029454778879880905, 0.0072668143548071384, -0.11860719323158264, -0.056834105402231216, -0.1438153237104416, 0.09688682854175568, 0.31688225269317627, -0.1588834524154663, 0.20136864483356476, 0.3416726589202881, -0.21049629151821136, 0.022584218531847, -0.1845039576292038, 0.08529116213321686, -0.08647448569536209]"
0xf8f60b1d0aed34269210f373b5cf4c3aaf5043c3,"[-0.07150448858737946, 0.07540947943925858, -0.012613050639629364, 0.09745194762945175, 0.21582511067390442, -0.0006186821847222745, -0.09203564375638962, 0.10834325104951859, -0.09971354156732559, 0.10919204354286194, -0.09314672648906708, 0.011400490999221802, 0.09490001201629639, -0.0016534851165488362, 0.07176176458597183, -0.04874379560351372, -0.034733712673187256, 0.09540258347988129, 0.03181750699877739, -0.10770317912101746, -0.09641464799642563, -0.06232021749019623, -0.16953790187835693, 0.14477252960205078, 0.04683569073677063, 0.04674464091658592, 0.1288003921508789, 0.20640774071216583, -0.02659577503800392, 0.19150392711162567, -0.14126625657081604, 0.07143580913543701, -0.06310252845287323, 0.061020176857709885, -0.14390766620635986, 0.17784015834331512, -0.018148956820368767, 0.1648942530155182, -0.22454318404197693, -0.1269933134317398, 0.024981604889035225, 0.02101798728108406, -0.15903262794017792, 0.10220104455947876, -0.03429285064339638, 0.02781756781041622, -0.07291214913129807, 0.18557646870613098, 0.02900826744735241, -0.03664166107773781, 0.012394391931593418, -0.11266541481018066, -0.055677831172943115, -0.1369256228208542, 0.09911706298589706, 0.31328925490379333, -0.16163675487041473, 0.19995291531085968, 0.3410642147064209, -0.21584287285804749, 0.023308921605348587, -0.18057331442832947, 0.08083508908748627, -0.08694352954626083]"
0x8ab7404063ec4dbcfd4598215992dc3f8ec853d7,"[0.05209808796644211, -0.0098898159340024, 0.1831657737493515, 0.12907129526138306, 0.2460758537054062, -0.012487283907830715, 0.04531985521316528, 0.07663070410490036, -0.09576915204524994, 0.022284893319010735, -0.06023117154836655, 0.17355242371559143, 0.11329399049282074, -0.009700900875031948, 0.121832475066185, -0.0025623489636927843, -0.027177361771464348, -0.08009781688451767, -0.04539000615477562, -0.037832457572221756, -0.0930691584944725, 0.009001994505524635, 0.006582355592399836, 0.184472918510437, 0.13098646700382233, -0.04206523671746254, 0.05684499070048332, 0.2357466071844101, -0.12184818834066391, 0.1942339539527893, -0.18373166024684906, 0.020090723410248756, -0.24335934221744537, 0.016394495964050293, -0.16845232248306274, 0.21413639187812805, -0.030930781736969948, 0.1029825359582901, -0.16354575753211975, -0.0043119583278894424, 0.1005871519446373, 0.015500657260417938, -0.059965211898088455, 0.17458365857601166, 0.09057436883449554, -0.09326448291540146, -0.1419563740491867, 0.192881241440773, -0.16757071018218994, -0.06732305139303207, -0.04222416505217552, 0.08821996301412582, -0.2095557451248169, -0.0001717943960102275, 0.14251556992530823, 0.22552643716335297, 0.0032920888625085354, 0.19971324503421783, 0.22519713640213013, -0.041360966861248016, -0.035846956074237823, -0.17278416454792023, -0.028493482619524002, -0.13014647364616394]"
0x30f271c9e86d2b7d00a6376cd96a1cfbd5f0b9b3,"[0.052098095417022705, -0.009889824315905571, 0.1831657439470291, 0.12907128036022186, 0.246075838804245, -0.012487287633121014, 0.04531985521316528, 0.07663071900606155, -0.09576920419931412, 0.022284865379333496, -0.060231175273656845, 0.17355242371559143, 0.11329396069049835, -0.009700859896838665, 0.121832475066185, -0.0025623678229749203, -0.02717737667262554, -0.08009786903858185, -0.045389994978904724, -0.03783244267106056, -0.0930691808462143, 0.009002032689750195, 0.006582396570593119, 0.1844729334115982, 0.13098649680614471, -0.04206523671746254, 0.05684499815106392, 0.23574665188789368, -0.12184815853834152, 0.1942339539527893, -0.18373164534568787, 0.020090708509087563, -0.2433592975139618, 0.016394516453146935, -0.16845235228538513, 0.21413639187812805, -0.030930794775485992, 0.10298248380422592, -0.16354575753211975, -0.004311937838792801, 0.10058712214231491, 0.015500698238611221, -0.05996522307395935, 0.17458362877368927, 0.09057436883449554, -0.09326448291540146, -0.14195632934570312, 0.19288119673728943, -0.16757072508335114, -0.06732305139303207, -0.04222409799695015, 0.08821996301412582, -0.2095557600259781, -0.00017184288299176842, 0.14251559972763062, 0.22552643716335297, 0.003292109351605177, 0.19971327483654022, 0.22519712150096893, -0.041360966861248016, -0.03584698215126991, -0.17278419435024261, -0.02849346213042736, -0.13014644384384155]"
0x73326b6764187b7176ed3c00109ddc1e6264eb8b,"[-0.07903964817523956, 0.07464621961116791, -0.023618437349796295, 0.09458059817552567, 0.20204918086528778, 0.006624168250709772, -0.09227417409420013, 0.11979956924915314, -0.08872953057289124, 0.12141066789627075, -0.08413518965244293, 0.007292516063898802, 0.09793012589216232, -0.002377580152824521, 0.06814906746149063, -0.042713865637779236, -0.03638271614909172, 0.10889393836259842, 0.03178706765174866, -0.09997230768203735, -0.0926019623875618, -0.0652000829577446, -0.17240367829799652, 0.14433909952640533, 0.053896766155958176, 0.04368274658918381, 0.12458240240812302, 0.21016080677509308, -0.034787118434906006, 0.18377403914928436, -0.13090233504772186, 0.061385467648506165, -0.05218586325645447, 0.06054309010505676, -0.13599391281604767, 0.18236592411994934, -0.015698861330747604, 0.15480269491672516, -0.2293129861354828, -0.1269446164369583, 0.024439876899123192, 0.021382354199886322, -0.1654675006866455, 0.09458481520414352, -0.03977036103606224, 0.029859621077775955, -0.06700801104307175, 0.18141208589076996, 0.03647523373365402, -0.027760284021496773, 0.007229984272271395, -0.11855783313512802, -0.06249121204018593, -0.15624471008777618, 0.0964183583855629, 0.3128243386745453, -0.1612280309200287, 0.19665534794330597, 0.3482300341129303, -0.21187497675418854, 0.024150840938091278, -0.18403945863246918, 0.08424941450357437, -0.09388402849435806]"
0xe5caef4af8780e59df925470b050fb23c43ca68c,"[0.052098095417022705, -0.009889824315905571, 0.1831657439470291, 0.12907128036022186, 0.246075838804245, -0.012487287633121014, 0.04531985521316528, 0.07663071900606155, -0.09576920419931412, 0.022284865379333496, -0.060231175273656845, 0.17355242371559143, 0.11329396069049835, -0.009700859896838665, 0.121832475066185, -0.0025623678229749203, -0.02717737667262554, -0.08009786903858185, -0.045389994978904724, -0.03783244267106056, -0.0930691808462143, 0.009002032689750195, 0.006582396570593119, 0.1844729334115982, 0.13098649680614471, -0.04206523671746254, 0.05684499815106392, 0.23574665188789368, -0.12184815853834152, 0.1942339539527893, -0.18373164534568787, 0.020090708509087563, -0.2433592975139618, 0.016394516453146935, -0.16845235228538513, 0.21413639187812805, -0.030930794775485992, 0.10298248380422592, -0.16354575753211975, -0.004311937838792801, 0.10058712214231491, 0.015500698238611221, -0.05996522307395935, 0.17458362877368927, 0.09057436883449554, -0.09326448291540146, -0.14195632934570312, 0.19288119673728943, -0.16757072508335114, -0.06732305139303207, -0.04222409799695015, 0.08821996301412582, -0.2095557600259781, -0.00017184288299176842, 0.14251559972763062, 0.22552643716335297, 0.003292109351605177, 0.19971327483654022, 0.22519712150096893, -0.041360966861248016, -0.03584698215126991, -0.17278419435024261, -0.02849346213042736, -0.13014644384384155]"
0x817bbdbc3e8a1204f3691d14bb44992841e3db35,"[0.052098095417022705, -0.009889824315905571, 0.1831657439470291, 0.12907128036022186, 0.246075838804245, -0.012487287633121014, 0.04531985521316528, 0.07663071900606155, -0.09576920419931412, 0.022284865379333496, -0.060231175273656845, 0.17355242371559143, 0.11329396069049835, -0.009700859896838665, 0.121832475066185, -0.0025623678229749203, -0.02717737667262554, -0.08009786903858185, -0.045389994978904724, -0.03783244267106056, -0.0930691808462143, 0.009002032689750195, 0.006582396570593119, 0.1844729334115982, 0.13098649680614471, -0.04206523671746254, 0.05684499815106392, 0.23574665188789368, -0.12184815853834152, 0.1942339539527893, -0.18373164534568787, 0.020090708509087563, -0.2433592975139618, 0.016394516453146935, -0.16845235228538513, 0.21413639187812805, -0.030930794775485992, 0.10298248380422592, -0.16354575753211975, -0.004311937838792801, 0.10058712214231491, 0.015500698238611221, -0.05996522307395935, 0.17458362877368927, 0.09057436883449554, -0.09326448291540146, -0.14195632934570312, 0.19288119673728943, -0.16757072508335114, -0.06732305139303207, -0.04222409799695015, 0.08821996301412582, -0.2095557600259781, -0.00017184288299176842, 0.14251559972763062, 0.22552643716335297, 0.003292109351605177, 0.19971327483654022, 0.22519712150096893, -0.041360966861248016, -0.03584698215126991, -0.17278419435024261, -0.02849346213042736, -0.13014644384384155]"
0xc789131504e76f46037bd5d5f5cfc18223e123a5,"[-0.07597479969263077, 0.062478575855493546, -0.02003592625260353, 0.0974472388625145, 0.20936186611652374, 0.00280646956525743, -0.08891493082046509, 0.11605419963598251, -0.0828789472579956, 0.12413083761930466, -0.08761859685182571, 0.011329575441777706, 0.09232792258262634, -0.006207782309502363, 0.07052295655012131, -0.04421593248844147, -0.040478549897670746, 0.10330895334482193, 0.03350405395030975, -0.10604290664196014, -0.08897949010133743, -0.07059364765882492, -0.17034997045993805, 0.1422724723815918, 0.05607946217060089, 0.04030937701463699, 0.11940725892782211, 0.20865751802921295, -0.03098563849925995, 0.1868533343076706, -0.13095344603061676, 0.05774843320250511, -0.05898966267704964, 0.05426979809999466, -0.13831782341003418, 0.18469087779521942, -0.0173489972949028, 0.15618987381458282, -0.23240555822849274, -0.12208885699510574, 0.024852782487869263, 0.0129367895424366, -0.1696985512971878, 0.10260134935379028, -0.041148845106363297, 0.020844344049692154, -0.07453805953264236, 0.17878730595111847, 0.031032970175147057, -0.035761281847953796, 0.013590095564723015, -0.11259059607982635, -0.0648549422621727, -0.14511945843696594, 0.09628582000732422, 0.31160208582878113, -0.1679331213235855, 0.19989056885242462, 0.34935441613197327, -0.21393312513828278, 0.019675787538290024, -0.18195092678070068, 0.07672735303640366, -0.0935087651014328]"
0xb4d930279552397bba2ee473229f89ec245bc365,"[0.052098095417022705, -0.009889824315905571, 0.1831657439470291, 0.12907128036022186, 0.246075838804245, -0.012487287633121014, 0.04531985521316528, 0.07663071900606155, -0.09576920419931412, 0.022284865379333496, -0.060231175273656845, 0.17355242371559143, 0.11329396069049835, -0.009700859896838665, 0.121832475066185, -0.0025623678229749203, -0.02717737667262554, -0.08009786903858185, -0.045389994978904724, -0.03783244267106056, -0.0930691808462143, 0.009002032689750195, 0.006582396570593119, 0.1844729334115982, 0.13098649680614471, -0.04206523671746254, 0.05684499815106392, 0.23574665188789368, -0.12184815853834152, 0.1942339539527893, -0.18373164534568787, 0.020090708509087563, -0.2433592975139618, 0.016394516453146935, -0.16845235228538513, 0.21413639187812805, -0.030930794775485992, 0.10298248380422592, -0.16354575753211975, -0.004311937838792801, 0.10058712214231491, 0.015500698238611221, -0.05996522307395935, 0.17458362877368927, 0.09057436883449554, -0.09326448291540146, -0.14195632934570312, 0.19288119673728943, -0.16757072508335114, -0.06732305139303207, -0.04222409799695015, 0.08821996301412582, -0.2095557600259781, -0.00017184288299176842, 0.14251559972763062, 0.22552643716335297, 0.003292109351605177, 0.19971327483654022, 0.22519712150096893, -0.041360966861248016, -0.03584698215126991, -0.17278419435024261, -0.02849346213042736, -0.13014644384384155]"
0x01691f7bdfa897d4f5316b8c033b3c3c78ea2f77,"[-0.07208094745874405, 0.06988715380430222, -0.013014329597353935, 0.09790319949388504, 0.2137896716594696, 0.001271748449653387, -0.09272902458906174, 0.1128792092204094, -0.09450078010559082, 0.11390621960163116, -0.08995165675878525, 0.011139355599880219, 0.09502438455820084, -0.002054538344964385, 0.07209859788417816, -0.04751311615109444, -0.03739475831389427, 0.09661214053630829, 0.030293447896838188, -0.10703713446855545, -0.09412715584039688, -0.0653999000787735, -0.16794849932193756, 0.1440785676240921, 0.04846910759806633, 0.04659511521458626, 0.1259811371564865, 0.20973190665245056, -0.02751186490058899, 0.1917085498571396, -0.13994289934635162, 0.06959555298089981, -0.06156368926167488, 0.06264080107212067, -0.14239005744457245, 0.17953245341777802, -0.01866275444626808, 0.16362352669239044, -0.22717560827732086, -0.1232113391160965, 0.0245413426309824, 0.017008263617753983, -0.1611844152212143, 0.10020457208156586, -0.03730643540620804, 0.02876146510243416, -0.07385764271020889, 0.18518874049186707, 0.028735991567373276, -0.038912735879421234, 0.014332784339785576, -0.1118781566619873, -0.05888715386390686, -0.13978946208953857, 0.09879819303750992, 0.3119344711303711, -0.1633518785238266, 0.19613152742385864, 0.3430824279785156, -0.21626926958560944, 0.023095106706023216, -0.17973209917545319, 0.07780881226062775, -0.09117969870567322]"
0x7659ce147d0e714454073a5dd7003544234b6aa0,"[0.052098095417022705, -0.009889824315905571, 0.1831657439470291, 0.12907128036022186, 0.246075838804245, -0.012487287633121014, 0.04531985521316528, 0.07663071900606155, -0.09576920419931412, 0.022284865379333496, -0.060231175273656845, 0.17355242371559143, 0.11329396069049835, -0.009700859896838665, 0.121832475066185, -0.0025623678229749203, -0.02717737667262554, -0.08009786903858185, -0.045389994978904724, -0.03783244267106056, -0.0930691808462143, 0.009002032689750195, 0.006582396570593119, 0.1844729334115982, 0.13098649680614471, -0.04206523671746254, 0.05684499815106392, 0.23574665188789368, -0.12184815853834152, 0.1942339539527893, -0.18373164534568787, 0.020090708509087563, -0.2433592975139618, 0.016394516453146935, -0.16845235228538513, 0.21413639187812805, -0.030930794775485992, 0.10298248380422592, -0.16354575753211975, -0.004311937838792801, 0.10058712214231491, 0.015500698238611221, -0.05996522307395935, 0.17458362877368927, 0.09057436883449554, -0.09326448291540146, -0.14195632934570312, 0.19288119673728943, -0.16757072508335114, -0.06732305139303207, -0.04222409799695015, 0.08821996301412582, -0.2095557600259781, -0.00017184288299176842, 0.14251559972763062, 0.22552643716335297, 0.003292109351605177, 0.19971327483654022, 0.22519712150096893, -0.041360966861248016, -0.03584698215126991, -0.17278419435024261, -0.02849346213042736, -0.13014644384384155]"
0xac0104cca91d167873b8601d2e71eb3d4d8c33e0,"[0.052098095417022705, -0.009889824315905571, 0.1831657439470291, 0.12907128036022186, 0.246075838804245, -0.012487287633121014, 0.04531985521316528, 0.07663071900606155, -0.09576920419931412, 0.022284865379333496, -0.060231175273656845, 0.17355242371559143, 0.11329396069049835, -0.009700859896838665, 0.121832475066185, -0.0025623678229749203, -0.02717737667262554, -0.08009786903858185, -0.045389994978904724, -0.03783244267106056, -0.0930691808462143, 0.009002032689750195, 0.006582396570593119, 0.1844729334115982, 0.13098649680614471, -0.04206523671746254, 0.05684499815106392, 0.23574665188789368, -0.12184815853834152, 0.1942339539527893, -0.18373164534568787, 0.020090708509087563, -0.2433592975139618, 0.016394516453146935, -0.16845235228538513, 0.21413639187812805, -0.030930794775485992, 0.10298248380422592, -0.16354575753211975, -0.004311937838792801, 0.10058712214231491, 0.015500698238611221, -0.05996522307395935, 0.17458362877368927, 0.09057436883449554, -0.09326448291540146, -0.14195632934570312, 0.19288119673728943, -0.16757072508335114, -0.06732305139303207, -0.04222409799695015, 0.08821996301412582, -0.2095557600259781, -0.00017184288299176842, 0.14251559972763062, 0.22552643716335297, 0.003292109351605177, 0.19971327483654022, 0.22519712150096893, -0.041360966861248016, -0.03584698215126991, -0.17278419435024261, -0.02849346213042736, -0.13014644384384155]"
0xcad621da75a66c7a8f4ff86d30a2bf981bfc8fdd,"[0.052098095417022705, -0.009889824315905571, 0.1831657439470291, 0.12907128036022186, 0.246075838804245, -0.012487287633121014, 0.04531985521316528, 0.07663071900606155, -0.09576920419931412, 0.022284865379333496, -0.060231175273656845, 0.17355242371559143, 0.11329396069049835, -0.009700859896838665, 0.121832475066185, -0.0025623678229749203, -0.02717737667262554, -0.08009786903858185, -0.045389994978904724, -0.03783244267106056, -0.0930691808462143, 0.009002032689750195, 0.006582396570593119, 0.1844729334115982, 0.13098649680614471, -0.04206523671746254, 0.05684499815106392, 0.23574665188789368, -0.12184815853834152, 0.1942339539527893, -0.18373164534568787, 0.020090708509087563, -0.2433592975139618, 0.016394516453146935, -0.16845235228538513, 0.21413639187812805, -0.030930794775485992, 0.10298248380422592, -0.16354575753211975, -0.004311937838792801, 0.10058712214231491, 0.015500698238611221, -0.05996522307395935, 0.17458362877368927, 0.09057436883449554, -0.09326448291540146, -0.14195632934570312, 0.19288119673728943, -0.16757072508335114, -0.06732305139303207, -0.04222409799695015, 0.08821996301412582, -0.2095557600259781, -0.00017184288299176842, 0.14251559972763062, 0.22552643716335297, 0.003292109351605177, 0.19971327483654022, 0.22519712150096893, -0.041360966861248016, -0.03584698215126991, -0.17278419435024261, -0.02849346213042736, -0.13014644384384155]"
0x3e9bc21c9b189c09df3ef1b824798658d5011937,"[0.052098095417022705, -0.009889824315905571, 0.1831657439470291, 0.12907128036022186, 0.246075838804245, -0.012487287633121014, 0.04531985521316528, 0.07663071900606155, -0.09576920419931412, 0.022284865379333496, -0.060231175273656845, 0.17355242371559143, 0.11329396069049835, -0.009700859896838665, 0.121832475066185, -0.0025623678229749203, -0.02717737667262554, -0.08009786903858185, -0.045389994978904724, -0.03783244267106056, -0.0930691808462143, 0.009002032689750195, 0.006582396570593119, 0.1844729334115982, 0.13098649680614471, -0.04206523671746254, 0.05684499815106392, 0.23574665188789368, -0.12184815853834152, 0.1942339539527893, -0.18373164534568787, 0.020090708509087563, -0.2433592975139618, 0.016394516453146935, -0.16845235228538513, 0.21413639187812805, -0.030930794775485992, 0.10298248380422592, -0.16354575753211975, -0.004311937838792801, 0.10058712214231491, 0.015500698238611221, -0.05996522307395935, 0.17458362877368927, 0.09057436883449554, -0.09326448291540146, -0.14195632934570312, 0.19288119673728943, -0.16757072508335114, -0.06732305139303207, -0.04222409799695015, 0.08821996301412582, -0.2095557600259781, -0.00017184288299176842, 0.14251559972763062, 0.22552643716335297, 0.003292109351605177, 0.19971327483654022, 0.22519712150096893, -0.041360966861248016, -0.03584698215126991, -0.17278419435024261, -0.02849346213042736, -0.13014644384384155]"
0x562680a4dc50ed2f14d75bf31f494cfe0b8d10a1,"[0.052098095417022705, -0.009889824315905571, 0.1831657439470291, 0.12907128036022186, 0.246075838804245, -0.012487287633121014, 0.04531985521316528, 0.07663071900606155, -0.09576920419931412, 0.022284865379333496, -0.060231175273656845, 0.17355242371559143, 0.11329396069049835, -0.009700859896838665, 0.121832475066185, -0.0025623678229749203, -0.02717737667262554, -0.08009786903858185, -0.045389994978904724, -0.03783244267106056, -0.0930691808462143, 0.009002032689750195, 0.006582396570593119, 0.1844729334115982, 0.13098649680614471, -0.04206523671746254, 0.05684499815106392, 0.23574665188789368, -0.12184815853834152, 0.1942339539527893, -0.18373164534568787, 0.020090708509087563, -0.2433592975139618, 0.016394516453146935, -0.16845235228538513, 0.21413639187812805, -0.030930794775485992, 0.10298248380422592, -0.16354575753211975, -0.004311937838792801, 0.10058712214231491, 0.015500698238611221, -0.05996522307395935, 0.17458362877368927, 0.09057436883449554, -0.09326448291540146, -0.14195632934570312, 0.19288119673728943, -0.16757072508335114, -0.06732305139303207, -0.04222409799695015, 0.08821996301412582, -0.2095557600259781, -0.00017184288299176842, 0.14251559972763062, 0.22552643716335297, 0.003292109351605177, 0.19971327483654022, 0.22519712150096893, -0.041360966861248016, -0.03584698215126991, -0.17278419435024261, -0.02849346213042736, -0.13014644384384155]"
0xda63a7f821513b7ed43c895fc5260ddc7799e7fa,"[-0.07665734738111496, 0.07823186367750168, -0.02018381655216217, 0.09459898620843887, 0.2072274088859558, 0.004362634848803282, -0.09165916591882706, 0.11421599984169006, -0.09528490900993347, 0.11495331674814224, -0.08883818984031677, 0.009431437589228153, 0.09697692841291428, -0.0012566267978399992, 0.06900098919868469, -0.04508502781391144, -0.03481106832623482, 0.1043858602643013, 0.03254472836852074, -0.10282185673713684, -0.09566239267587662, -0.06172972172498703, -0.17256397008895874, 0.14612756669521332, 0.05064588040113449, 0.04437752068042755, 0.1277044415473938, 0.20744527876377106, -0.03247697651386261, 0.18567068874835968, -0.13545827567577362, 0.06557399034500122, -0.0570237822830677, 0.05978233367204666, -0.13927718997001648, 0.17994794249534607, -0.016292892396450043, 0.15847380459308624, -0.22613872587680817, -0.12866656482219696, 0.025473209097981453, 0.02395603060722351, -0.1613829880952835, 0.09835753589868546, -0.03616403415799141, 0.028597086668014526, -0.06834055483341217, 0.18322408199310303, 0.03410244360566139, -0.02936669811606407, 0.007769042160362005, -0.11811426281929016, -0.059066299349069595, -0.14888255298137665, 0.09685768187046051, 0.3147139847278595, -0.1601596176624298, 0.19954150915145874, 0.34463992714881897, -0.21192863583564758, 0.023352904245257378, -0.18402354419231415, 0.0846961960196495, -0.08961194008588791]"
0x91af0fbb28aba7e31403cb457106ce79397fd4e6,"[0.05209808796644211, -0.0098898159340024, 0.1831657737493515, 0.12907129526138306, 0.2460758537054062, -0.012487283907830715, 0.04531985521316528, 0.07663070410490036, -0.09576915204524994, 0.022284893319010735, -0.06023117154836655, 0.17355242371559143, 0.11329399049282074, -0.009700900875031948, 0.121832475066185, -0.0025623489636927843, -0.027177361771464348, -0.08009781688451767, -0.04539000615477562, -0.037832457572221756, -0.0930691584944725, 0.009001994505524635, 0.006582355592399836, 0.184472918510437, 0.13098646700382233, -0.04206523671746254, 0.05684499070048332, 0.2357466071844101, -0.12184818834066391, 0.1942339539527893, -0.18373166024684906, 0.020090723410248756, -0.24335934221744537, 0.016394495964050293, -0.16845232248306274, 0.21413639187812805, -0.030930781736969948, 0.1029825359582901, -0.16354575753211975, -0.0043119583278894424, 0.1005871519446373, 0.015500657260417938, -0.059965211898088455, 0.17458365857601166, 0.09057436883449554, -0.09326448291540146, -0.1419563740491867, 0.192881241440773, -0.16757071018218994, -0.06732305139303207, -0.04222416505217552, 0.08821996301412582, -0.2095557451248169, -0.0001717943960102275, 0.14251556992530823, 0.22552643716335297, 0.0032920888625085354, 0.19971324503421783, 0.22519713640213013, -0.041360966861248016, -0.035846956074237823, -0.17278416454792023, -0.028493482619524002, -0.13014647364616394]"
0x16eccfdbb4ee1a85a33f3a9b21175cd7ae753db4,"[0.052098095417022705, -0.009889824315905571, 0.1831657439470291, 0.12907128036022186, 0.246075838804245, -0.012487287633121014, 0.04531985521316528, 0.07663071900606155, -0.09576920419931412, 0.022284865379333496, -0.060231175273656845, 0.17355242371559143, 0.11329396069049835, -0.009700859896838665, 0.121832475066185, -0.0025623678229749203, -0.02717737667262554, -0.08009786903858185, -0.045389994978904724, -0.03783244267106056, -0.0930691808462143, 0.009002032689750195, 0.006582396570593119, 0.1844729334115982, 0.13098649680614471, -0.04206523671746254, 0.05684499815106392, 0.23574665188789368, -0.12184815853834152, 0.1942339539527893, -0.18373164534568787, 0.020090708509087563, -0.2433592975139618, 0.016394516453146935, -0.16845235228538513, 0.21413639187812805, -0.030930794775485992, 0.10298248380422592, -0.16354575753211975, -0.004311937838792801, 0.10058712214231491, 0.015500698238611221, -0.05996522307395935, 0.17458362877368927, 0.09057436883449554, -0.09326448291540146, -0.14195632934570312, 0.19288119673728943, -0.16757072508335114, -0.06732305139303207, -0.04222409799695015, 0.08821996301412582, -0.2095557600259781, -0.00017184288299176842, 0.14251559972763062, 0.22552643716335297, 0.003292109351605177, 0.19971327483654022, 0.22519712150096893, -0.041360966861248016, -0.03584698215126991, -0.17278419435024261, -0.02849346213042736, -0.13014644384384155]"
0x061f7937b7b2bc7596539959804f86538b6368dc,"[-0.07971220463514328, 0.0718919187784195, -0.024694927036762238, 0.09525778889656067, 0.20073264837265015, 0.007512491662055254, -0.09308566898107529, 0.12272828072309494, -0.08609787374734879, 0.12453879415988922, -0.08189535140991211, 0.00662287138402462, 0.09804147481918335, -0.0030212528072297573, 0.06811799854040146, -0.042466405779123306, -0.03756970912218094, 0.10980704426765442, 0.031247518956661224, -0.09922335296869278, -0.09170704334974289, -0.06758549064397812, -0.17097410559654236, 0.14306913316249847, 0.05528402701020241, 0.04424320161342621, 0.12320437282323837, 0.2114628404378891, -0.03476456180214882, 0.18386484682559967, -0.12955887615680695, 0.05959577113389969, -0.05021745339035988, 0.06069791316986084, -0.13481323421001434, 0.18358784914016724, -0.01570367068052292, 0.1535624861717224, -0.23058639466762543, -0.12501327693462372, 0.024019449949264526, 0.019099712371826172, -0.16736049950122833, 0.09354892373085022, -0.04216988384723663, 0.0309289637953043, -0.06710553914308548, 0.18092507123947144, 0.037214990705251694, -0.027765687555074692, 0.008388856425881386, -0.11806777864694595, -0.06326734274625778, -0.15758374333381653, 0.09623104333877563, 0.310560017824173, -0.1620645970106125, 0.1951713114976883, 0.35011762380599976, -0.21343450248241425, 0.024054424837231636, -0.18310457468032837, 0.08305391669273376, -0.09567657113075256]"
0x28fb858080ef12e9e82aea6e3f25b631aa3d34a3,"[-0.07452508062124252, 0.08562437444925308, -0.01705627329647541, 0.09159079939126968, 0.21190334856510162, 0.0056260935962200165, -0.08768098056316376, 0.10771752893924713, -0.10557626932859421, 0.10545451194047928, -0.09501179307699203, 0.014405072666704655, 0.09548433125019073, 0.0033561759628355503, 0.07043357938528061, -0.04625224694609642, -0.033029165118932724, 0.10193193703889847, 0.033951856195926666, -0.1069982647895813, -0.10225573182106018, -0.05260118097066879, -0.17323052883148193, 0.15478885173797607, 0.04568476229906082, 0.04405318945646286, 0.13479718565940857, 0.20432797074317932, -0.03205803409218788, 0.1863640546798706, -0.14185549318790436, 0.07138539850711823, -0.0663827657699585, 0.057983480393886566, -0.14379099011421204, 0.17524419724941254, -0.015013126656413078, 0.16181634366512299, -0.21869972348213196, -0.13068154454231262, 0.030181609094142914, 0.029414286836981773, -0.15307816863059998, 0.10424599796533585, -0.029959730803966522, 0.026793157681822777, -0.06701875478029251, 0.18795505166053772, 0.030660344287753105, -0.02817603573203087, 0.005768312606960535, -0.12121783941984177, -0.05601989105343819, -0.14018239080905914, 0.09615790098905563, 0.32040029764175415, -0.15716294944286346, 0.20179760456085205, 0.3376844525337219, -0.20611131191253662, 0.020133910700678825, -0.18559783697128296, 0.08605880290269852, -0.08336472511291504]"
0xda41b70e77661db64c5dddb8b9914e1ad0ef4c17,"[-0.07233303785324097, 0.08282914012670517, -0.012837907299399376, 0.09473000466823578, 0.2180642932653427, 0.0005122820730321109, -0.090256467461586, 0.10470931977033615, -0.10782331973314285, 0.10339956730604172, -0.0961575135588646, 0.013952856883406639, 0.09429792314767838, 0.001377330394461751, 0.07167484611272812, -0.050106219947338104, -0.033091939985752106, 0.09511721134185791, 0.03369083255529404, -0.10889279842376709, -0.10168412327766418, -0.05587967857718468, -0.17053420841693878, 0.14932668209075928, 0.044735509902238846, 0.0465066134929657, 0.13372032344341278, 0.20261044800281525, -0.026609288528561592, 0.1908412128686905, -0.14433398842811584, 0.0740751102566719, -0.06714986264705658, 0.057951927185058594, -0.14563164114952087, 0.17529118061065674, -0.017194416373968124, 0.1653580665588379, -0.21964587271213531, -0.12910357117652893, 0.027422448620200157, 0.02660554274916649, -0.15393683314323425, 0.10636124014854431, -0.030333101749420166, 0.02726900763809681, -0.0712050348520279, 0.18788601458072662, 0.02872464805841446, -0.033229146152734756, 0.009863477200269699, -0.11665862053632736, -0.05179944634437561, -0.13293753564357758, 0.09735874086618423, 0.31626462936401367, -0.1582622528076172, 0.20372770726680756, 0.3374384343624115, -0.21209605038166046, 0.02113233134150505, -0.18311356008052826, 0.08336380124092102, -0.08126724511384964]"
0xb61dda1d66af1bf373947cd7ab8a866195596510,"[-0.07278662174940109, 0.08195915073156357, -0.013493464328348637, 0.09489797055721283, 0.21716168522834778, 0.0007804860360920429, -0.09055891633033752, 0.1058521643280983, -0.10641947388648987, 0.10483414679765701, -0.09520469605922699, 0.013444092124700546, 0.09453662484884262, 0.000999825424514711, 0.07147393375635147, -0.049731507897377014, -0.0334375835955143, 0.09587753564119339, 0.03347468748688698, -0.10829129070043564, -0.10095681995153427, -0.05682376027107239, -0.17050136625766754, 0.14871655404567719, 0.045444659888744354, 0.04643756151199341, 0.132931649684906, 0.20321635901927948, -0.026986589655280113, 0.19056487083435059, -0.1434432566165924, 0.07321308553218842, -0.06603769212961197, 0.05815520137548447, -0.1449640691280365, 0.1759122759103775, -0.01719953492283821, 0.16471035778522491, -0.22050932049751282, -0.1287495493888855, 0.027065783739089966, 0.025979451835155487, -0.15494166314601898, 0.10558197647333145, -0.031159533187747, 0.02753700129687786, -0.07113382965326309, 0.18747037649154663, 0.029237989336252213, -0.03310780227184296, 0.009930458851158619, -0.11662178486585617, -0.05243447795510292, -0.1344253420829773, 0.09732581675052643, 0.3157872259616852, -0.15858829021453857, 0.20323176681995392, 0.33836618065834045, -0.21240733563899994, 0.021387213841080666, -0.18309727311134338, 0.08322647958993912, -0.08219998329877853]"
0xb14cfa2bc31d772633fbf4c670ae86f1e1c25fec,"[-0.07323764264583588, 0.0771031379699707, -0.014309361577033997, 0.09668345749378204, 0.2155432254076004, 0.00021496214321814477, -0.09216055274009705, 0.10922449827194214, -0.10131346434354782, 0.10961785912513733, -0.09218861162662506, 0.011656202375888824, 0.09497790038585663, -0.0010121316881850362, 0.07112830132246017, -0.04926852881908417, -0.03483628109097481, 0.09648057073354721, 0.032230280339717865, -0.10678895562887192, -0.09769456088542938, -0.061485446989536285, -0.1694439798593521, 0.14514130353927612, 0.04756928235292435, 0.04675525426864624, 0.12950746715068817, 0.20532824099063873, -0.026850255206227303, 0.1909945011138916, -0.14100158214569092, 0.07084892690181732, -0.06245113164186478, 0.05939369648694992, -0.14313854277133942, 0.1782681941986084, -0.01783960871398449, 0.16354739665985107, -0.22408610582351685, -0.12668515741825104, 0.024939145892858505, 0.022380225360393524, -0.15890444815158844, 0.10309768468141556, -0.03432842716574669, 0.028415469452738762, -0.07221639156341553, 0.18591155111789703, 0.029999764636158943, -0.034672874957323074, 0.011638475582003593, -0.11477164179086685, -0.054076917469501495, -0.13769957423210144, 0.0978354662656784, 0.31285980343818665, -0.16045597195625305, 0.20122666656970978, 0.34147772192955017, -0.21525563299655914, 0.02260620892047882, -0.18192169070243835, 0.08158416301012039, -0.08544290065765381]"
0xf34960d9d60be18cc1d5afc1a6f012a723a28811,"[0.05209808796644211, -0.0098898159340024, 0.1831657737493515, 0.12907129526138306, 0.2460758537054062, -0.012487283907830715, 0.04531985521316528, 0.07663070410490036, -0.09576915204524994, 0.022284893319010735, -0.06023117154836655, 0.17355242371559143, 0.11329399049282074, -0.009700900875031948, 0.121832475066185, -0.0025623489636927843, -0.027177361771464348, -0.08009781688451767, -0.04539000615477562, -0.037832457572221756, -0.0930691584944725, 0.009001994505524635, 0.006582355592399836, 0.184472918510437, 0.13098646700382233, -0.04206523671746254, 0.05684499070048332, 0.2357466071844101, -0.12184818834066391, 0.1942339539527893, -0.18373166024684906, 0.020090723410248756, -0.24335934221744537, 0.016394495964050293, -0.16845232248306274, 0.21413639187812805, -0.030930781736969948, 0.1029825359582901, -0.16354575753211975, -0.0043119583278894424, 0.1005871519446373, 0.015500657260417938, -0.059965211898088455, 0.17458365857601166, 0.09057436883449554, -0.09326448291540146, -0.1419563740491867, 0.192881241440773, -0.16757071018218994, -0.06732305139303207, -0.04222416505217552, 0.08821996301412582, -0.2095557451248169, -0.0001717943960102275, 0.14251556992530823, 0.22552643716335297, 0.0032920888625085354, 0.19971324503421783, 0.22519713640213013, -0.041360966861248016, -0.035846956074237823, -0.17278416454792023, -0.028493482619524002, -0.13014647364616394]"
0x412d0ff2f0ead900c33700f9c81e9e1258b0c87a,"[-0.07581248879432678, 0.05817442759871483, -0.025101356208324432, 0.09382250159978867, 0.20654448866844177, 0.007081528659909964, -0.08853506296873093, 0.11122024804353714, -0.08124095946550369, 0.13203604519367218, -0.08624958246946335, 0.016600757837295532, 0.09296960383653641, -0.006011382210999727, 0.07805301994085312, -0.04223858192563057, -0.046701423823833466, 0.10465284436941147, 0.032430265098810196, -0.10942491888999939, -0.09027764201164246, -0.0703548938035965, -0.16550332307815552, 0.13840095698833466, 0.06571236997842789, 0.03901134803891182, 0.11920316517353058, 0.20551033318042755, -0.026774320751428604, 0.17812266945838928, -0.11025943607091904, 0.04093507304787636, -0.06935867667198181, 0.04625243693590164, -0.13375559449195862, 0.18253375589847565, -0.00997252855449915, 0.15856724977493286, -0.23116952180862427, -0.12611974775791168, 0.020042605698108673, 0.022713057696819305, -0.16624419391155243, 0.11140406131744385, -0.03470401465892792, 0.008495857939124107, -0.06081118807196617, 0.1775342971086502, 0.03577021136879921, -0.0244797021150589, 0.01299448125064373, -0.10821449011564255, -0.07401595264673233, -0.15009960532188416, 0.08969990164041519, 0.32192254066467285, -0.16261103749275208, 0.20467618107795715, 0.3548022508621216, -0.21268165111541748, 0.012464758940041065, -0.19309070706367493, 0.08056400716304779, -0.09386587888002396]"
0xf001937650bb4f62b57521824b2c20f5b91bea05,"[0.052098095417022705, -0.009889824315905571, 0.1831657439470291, 0.12907128036022186, 0.246075838804245, -0.012487287633121014, 0.04531985521316528, 0.07663071900606155, -0.09576920419931412, 0.022284865379333496, -0.060231175273656845, 0.17355242371559143, 0.11329396069049835, -0.009700859896838665, 0.121832475066185, -0.0025623678229749203, -0.02717737667262554, -0.08009786903858185, -0.045389994978904724, -0.03783244267106056, -0.0930691808462143, 0.009002032689750195, 0.006582396570593119, 0.1844729334115982, 0.13098649680614471, -0.04206523671746254, 0.05684499815106392, 0.23574665188789368, -0.12184815853834152, 0.1942339539527893, -0.18373164534568787, 0.020090708509087563, -0.2433592975139618, 0.016394516453146935, -0.16845235228538513, 0.21413639187812805, -0.030930794775485992, 0.10298248380422592, -0.16354575753211975, -0.004311937838792801, 0.10058712214231491, 0.015500698238611221, -0.05996522307395935, 0.17458362877368927, 0.09057436883449554, -0.09326448291540146, -0.14195632934570312, 0.19288119673728943, -0.16757072508335114, -0.06732305139303207, -0.04222409799695015, 0.08821996301412582, -0.2095557600259781, -0.00017184288299176842, 0.14251559972763062, 0.22552643716335297, 0.003292109351605177, 0.19971327483654022, 0.22519712150096893, -0.041360966861248016, -0.03584698215126991, -0.17278419435024261, -0.02849346213042736, -0.13014644384384155]"
0xdc020a5697a5c1bac1130c2c707d78d800ee5f0c,"[-0.07636183500289917, 0.060054581612348557, -0.02210104838013649, 0.09572787582874298, 0.21141847968101501, 0.0022574749309569597, -0.08193280547857285, 0.10921557992696762, -0.08053811639547348, 0.12345109134912491, -0.09358453750610352, 0.015706196427345276, 0.08799676597118378, -0.008344612084329128, 0.07020165771245956, -0.042097076773643494, -0.04194927215576172, 0.10515091568231583, 0.03877521678805351, -0.11018102616071701, -0.08938789367675781, -0.06935033947229385, -0.1735517829656601, 0.14610716700553894, 0.05989474803209305, 0.0333450585603714, 0.11773280799388885, 0.20331254601478577, -0.03289587423205376, 0.18358604609966278, -0.12763869762420654, 0.05254185572266579, -0.06606519222259521, 0.04347540810704231, -0.1393474042415619, 0.184411883354187, -0.01585685834288597, 0.15368202328681946, -0.2305731624364853, -0.12439510226249695, 0.028468109667301178, 0.01407549250870943, -0.1714819073677063, 0.11146657913923264, -0.039507925510406494, 0.008643974550068378, -0.07593373954296112, 0.1748904138803482, 0.03005300834774971, -0.034270454198122025, 0.012045750394463539, -0.11379387974739075, -0.06710336357355118, -0.13900361955165863, 0.09366940706968307, 0.317535936832428, -0.17039351165294647, 0.20817884802818298, 0.3498413562774658, -0.2079877257347107, 0.013845065608620644, -0.18504686653614044, 0.07596570253372192, -0.08955126255750656]"
0x287f7e29417783a4ac4510dbd9552349fde966c1,"[-0.07417480647563934, 0.0739157646894455, -0.016622241586446762, 0.0976397767663002, 0.21157874166965485, 0.0005970463971607387, -0.09313113242387772, 0.11286318302154541, -0.0950845256447792, 0.11463373154401779, -0.08943282067775726, 0.009358199313282967, 0.09588488936424255, -0.0028831670060753822, 0.07008589059114456, -0.04747254028916359, -0.03539381921291351, 0.099153071641922, 0.03142071142792702, -0.10437586903572083, -0.09392629563808441, -0.0650663748383522, -0.17021501064300537, 0.14238841831684113, 0.0498705729842186, 0.04597911983728409, 0.12603859603405, 0.2075377106666565, -0.028763912618160248, 0.18931199610233307, -0.13739138841629028, 0.06723756343126297, -0.05775223672389984, 0.060821037739515305, -0.14061766862869263, 0.18073627352714539, -0.017876066267490387, 0.1612185388803482, -0.22770237922668457, -0.12645791471004486, 0.02326856181025505, 0.020267682150006294, -0.16275086998939514, 0.09931022673845291, -0.03698815032839775, 0.028804708272218704, -0.07174272835254669, 0.1832350194454193, 0.031790249049663544, -0.03425922244787216, 0.011550238355994225, -0.11388354748487473, -0.05731857568025589, -0.14410313963890076, 0.09850054234266281, 0.31134232878685, -0.162079319357872, 0.19928042590618134, 0.34454861283302307, -0.2166387438774109, 0.02398020774126053, -0.18121378123760223, 0.08179309219121933, -0.08925556391477585]"
0xd1448e466f0d27b45e0121c78b668eb3a11f746b,"[-0.07917074114084244, 0.06746865063905716, -0.028020504862070084, 0.09217260777950287, 0.2026287168264389, 0.00745670311152935, -0.08160105347633362, 0.11258825659751892, -0.08027847856283188, 0.12382357567548752, -0.09304331988096237, 0.014695516787469387, 0.09098624438047409, -0.006144439801573753, 0.06722702831029892, -0.038560815155506134, -0.03983713686466217, 0.11317368596792221, 0.039061758667230606, -0.10616566240787506, -0.09192325919866562, -0.06510160118341446, -0.1775529980659485, 0.15109427273273468, 0.06009798124432564, 0.03171224519610405, 0.11988170444965363, 0.20416796207427979, -0.03934163600206375, 0.17737814784049988, -0.12470901757478714, 0.04994611442089081, -0.06175204738974571, 0.04444224387407303, -0.13634057343006134, 0.1833554059267044, -0.01408813614398241, 0.1496652215719223, -0.22890573740005493, -0.12876684963703156, 0.03096780739724636, 0.020793262869119644, -0.16888228058815002, 0.1073138490319252, -0.03902994468808174, 0.009765188209712505, -0.07016286253929138, 0.17382322251796722, 0.03469427675008774, -0.02682732790708542, 0.006858526263386011, -0.1202072948217392, -0.06975023448467255, -0.14833270013332367, 0.09169026464223862, 0.32172954082489014, -0.16684532165527344, 0.2071801871061325, 0.35051220655441284, -0.20297056436538696, 0.014111466705799103, -0.1883191019296646, 0.08184996247291565, -0.09148138761520386]"
0xf1d08d50218f4939cf68a0358f9f1c274a7a4170,"[-0.0755341425538063, 0.07600027322769165, -0.018293144181370735, 0.09635253995656967, 0.20991463959217072, 0.0020646003540605307, -0.09284414350986481, 0.1134946420788765, -0.09542443603277206, 0.11480540037155151, -0.08900800347328186, 0.009164293296635151, 0.0963677316904068, -0.0022526648826897144, 0.06967012584209442, -0.046771254390478134, -0.03510256111621857, 0.10120131075382233, 0.032148946076631546, -0.1037190854549408, -0.09477581828832626, -0.06379907578229904, -0.17114290595054626, 0.14343726634979248, 0.05043165385723114, 0.045465242117643356, 0.12669648230075836, 0.20720736682415009, -0.030045893043279648, 0.18777205049991608, -0.13651083409786224, 0.06638919562101364, -0.05717020109295845, 0.06009211018681526, -0.1399930864572525, 0.18052956461906433, -0.017338568344712257, 0.15999877452850342, -0.22707967460155487, -0.12744803726673126, 0.024097660556435585, 0.02182524837553501, -0.16231979429721832, 0.09910111129283905, -0.03668916970491409, 0.02895594947040081, -0.07040722668170929, 0.18306802213191986, 0.0330052524805069, -0.03204232454299927, 0.009971154853701591, -0.1155913844704628, -0.05763326212763786, -0.1460365504026413, 0.09772217273712158, 0.31237921118736267, -0.16117706894874573, 0.19990888237953186, 0.34477564692497253, -0.21494325995445251, 0.02371717244386673, -0.182434543967247, 0.08309601992368698, -0.08913758397102356]"
0x6b175474e89094c44da98b954eedeac495271d0f,"[0.05209807679057121, -0.009889805689454079, 0.1831657737493515, 0.12907129526138306, 0.246075838804245, -0.012487264350056648, 0.04531984403729439, 0.07663070410490036, -0.09576920419931412, 0.02228487841784954, -0.06023119017481804, 0.17355240881443024, 0.11329399794340134, -0.009700913913547993, 0.12183248996734619, -0.0025623671244829893, -0.02717740274965763, -0.08009779453277588, -0.04538998380303383, -0.037832412868738174, -0.0930691584944725, 0.009002025239169598, 0.006582377478480339, 0.184472918510437, 0.13098648190498352, -0.042065221816301346, 0.05684496462345123, 0.2357466220855713, -0.12184815853834152, 0.1942339688539505, -0.18373166024684906, 0.020090756937861443, -0.24335937201976776, 0.016394486650824547, -0.16845233738422394, 0.21413639187812805, -0.03093074820935726, 0.10298250615596771, -0.16354571282863617, -0.004312002565711737, 0.10058709979057312, 0.015500704757869244, -0.059965237975120544, 0.17458364367485046, 0.09057436883449554, -0.09326446801424026, -0.1419563591480255, 0.19288116693496704, -0.16757072508335114, -0.06732304394245148, -0.042224131524562836, 0.08821996301412582, -0.2095557600259781, -0.00017183480667881668, 0.14251555502414703, 0.22552645206451416, 0.0032920956145972013, 0.19971323013305664, 0.22519712150096893, -0.04136097803711891, -0.03584689274430275, -0.17278417944908142, -0.028493469581007957, -0.13014644384384155]"
