node,communities
0xd13c7342e1ef687c5ad21b27c2b65d772cab5c8c,"['cluster_2_thresh_0.30', 'cluster_3_thresh_0.10', 'cluster_1_thresh_0.20', 'cluster_3_thresh_0.20', 'cluster_1_thresh_1.00', 'cluster_1_thresh_0.30', 'cluster_2_thresh_1.00', 'cluster_2_thresh_0.10', 'cluster_1_thresh_0.70', 'cluster_2_thresh_0.60', 'cluster_1_thresh_0.40', 'cluster_2_thresh_0.90', 'cluster_2_thresh_0.80', 'cluster_1_thresh_0.60', 'cluster_1_thresh_0.50', 'cluster_4_thresh_0.10', 'cluster_2_thresh_0.40', 'cluster_2_thresh_0.20', 'cluster_1_thresh_0.10', 'cluster_2_thresh_0.70', 'cluster_1_thresh_0.90', 'cluster_1_thresh_0.80', 'cluster_2_thresh_0.50']"
0xdad0b957bd4ecdb1f8b6d2608947ff2282cf856c,"['cluster_2_thresh_0.30', 'cluster_3_thresh_0.10', 'cluster_1_thresh_0.20', 'cluster_3_thresh_0.20', 'cluster_1_thresh_1.00', 'cluster_1_thresh_0.30', 'cluster_2_thresh_1.00', 'cluster_2_thresh_0.10', 'cluster_1_thresh_0.70', 'cluster_2_thresh_0.60', 'cluster_1_thresh_0.40', 'cluster_2_thresh_0.90', 'cluster_2_thresh_0.80', 'cluster_1_thresh_0.60', 'cluster_1_thresh_0.50', 'cluster_4_thresh_0.10', 'cluster_2_thresh_0.40', 'cluster_2_thresh_0.20', 'cluster_1_thresh_0.10', 'cluster_2_thresh_0.70', 'cluster_1_thresh_0.90', 'cluster_1_thresh_0.80', 'cluster_2_thresh_0.50']"
0xf16e9b0d03470827a95cdfd0cb8a8a3b46969b91,"['cluster_2_thresh_0.30', 'cluster_3_thresh_0.10', 'cluster_1_thresh_0.20', 'cluster_3_thresh_0.20', 'cluster_1_thresh_1.00', 'cluster_1_thresh_0.30', 'cluster_2_thresh_1.00', 'cluster_2_thresh_0.10', 'cluster_1_thresh_0.70', 'cluster_2_thresh_0.60', 'cluster_1_thresh_0.40', 'cluster_2_thresh_0.90', 'cluster_2_thresh_0.80', 'cluster_1_thresh_0.60', 'cluster_1_thresh_0.50', 'cluster_4_thresh_0.10', 'cluster_2_thresh_0.40', 'cluster_2_thresh_0.20', 'cluster_1_thresh_0.10', 'cluster_2_thresh_0.70', 'cluster_1_thresh_0.90', 'cluster_1_thresh_0.80', 'cluster_2_thresh_0.50']"
0x12b0f3843ba5d19cd3aa91fe1cb72605fa1d3925,"['cluster_2_thresh_0.30', 'cluster_3_thresh_0.10', 'cluster_1_thresh_0.20', 'cluster_3_thresh_0.20', 'cluster_1_thresh_1.00', 'cluster_1_thresh_0.30', 'cluster_2_thresh_1.00', 'cluster_2_thresh_0.10', 'cluster_1_thresh_0.70', 'cluster_2_thresh_0.60', 'cluster_1_thresh_0.40', 'cluster_2_thresh_0.90', 'cluster_2_thresh_0.80', 'cluster_1_thresh_0.60', 'cluster_1_thresh_0.50', 'cluster_4_thresh_0.10', 'cluster_2_thresh_0.40', 'cluster_2_thresh_0.20', 'cluster_1_thresh_0.10', 'cluster_2_thresh_0.70', 'cluster_1_thresh_0.90', 'cluster_1_thresh_0.80', 'cluster_2_thresh_0.50']"
0x738cf6903e6c4e699d1c2dd9ab8b67fcdb3121ea,"['cluster_2_thresh_0.30', 'cluster_3_thresh_0.10', 'cluster_1_thresh_0.20', 'cluster_3_thresh_0.20', 'cluster_1_thresh_1.00', 'cluster_1_thresh_0.30', 'cluster_2_thresh_1.00', 'cluster_2_thresh_0.10', 'cluster_1_thresh_0.70', 'cluster_2_thresh_0.60', 'cluster_1_thresh_0.40', 'cluster_2_thresh_0.90', 'cluster_2_thresh_0.80', 'cluster_1_thresh_0.60', 'cluster_1_thresh_0.50', 'cluster_4_thresh_0.10', 'cluster_2_thresh_0.40', 'cluster_2_thresh_0.20', 'cluster_1_thresh_0.10', 'cluster_2_thresh_0.70', 'cluster_1_thresh_0.90', 'cluster_1_thresh_0.80', 'cluster_2_thresh_0.50']"
0xf94b5c5651c888d928439ab6514b93944eee6f48,"['cluster_2_thresh_0.30', 'cluster_3_thresh_0.10', 'cluster_1_thresh_0.20', 'cluster_3_thresh_0.20', 'cluster_1_thresh_1.00', 'cluster_1_thresh_0.30', 'cluster_2_thresh_1.00', 'cluster_2_thresh_0.10', 'cluster_1_thresh_0.70', 'cluster_2_thresh_0.60', 'cluster_1_thresh_0.40', 'cluster_2_thresh_0.90', 'cluster_2_thresh_0.80', 'cluster_1_thresh_0.60', 'cluster_1_thresh_0.50', 'cluster_4_thresh_0.10', 'cluster_2_thresh_0.40', 'cluster_2_thresh_0.20', 'cluster_1_thresh_0.10', 'cluster_2_thresh_0.70', 'cluster_1_thresh_0.90', 'cluster_1_thresh_0.80', 'cluster_2_thresh_0.50']"
0x66761fa41377003622aee3c7675fc7b5c1c2fac5,"['cluster_2_thresh_0.30', 'cluster_3_thresh_0.10', 'cluster_1_thresh_0.20', 'cluster_3_thresh_0.20', 'cluster_1_thresh_1.00', 'cluster_1_thresh_0.30', 'cluster_2_thresh_1.00', 'cluster_2_thresh_0.10', 'cluster_1_thresh_0.70', 'cluster_2_thresh_0.60', 'cluster_1_thresh_0.40', 'cluster_2_thresh_0.90', 'cluster_2_thresh_0.80', 'cluster_1_thresh_0.60', 'cluster_1_thresh_0.50', 'cluster_4_thresh_0.10', 'cluster_2_thresh_0.40', 'cluster_2_thresh_0.20', 'cluster_1_thresh_0.10', 'cluster_2_thresh_0.70', 'cluster_1_thresh_0.90', 'cluster_1_thresh_0.80', 'cluster_2_thresh_0.50']"
0x741e97e4d946286b5f9495952c46de0620dcfedc,"['cluster_2_thresh_0.30', 'cluster_3_thresh_0.10', 'cluster_1_thresh_0.20', 'cluster_3_thresh_0.20', 'cluster_1_thresh_1.00', 'cluster_1_thresh_0.30', 'cluster_2_thresh_1.00', 'cluster_2_thresh_0.10', 'cluster_1_thresh_0.70', 'cluster_2_thresh_0.60', 'cluster_1_thresh_0.40', 'cluster_2_thresh_0.90', 'cluster_2_thresh_0.80', 'cluster_1_thresh_0.60', 'cluster_1_thresh_0.50', 'cluster_4_thresh_0.10', 'cluster_2_thresh_0.40', 'cluster_2_thresh_0.20', 'cluster_1_thresh_0.10', 'cluster_2_thresh_0.70', 'cluster_1_thresh_0.90', 'cluster_1_thresh_0.80', 'cluster_2_thresh_0.50']"
0x3085254db0dadfaaa825be5441de49b7c50d4f40,"['cluster_2_thresh_0.30', 'cluster_3_thresh_0.10', 'cluster_1_thresh_0.20', 'cluster_3_thresh_0.20', 'cluster_1_thresh_1.00', 'cluster_1_thresh_0.30', 'cluster_2_thresh_1.00', 'cluster_2_thresh_0.10', 'cluster_1_thresh_0.70', 'cluster_2_thresh_0.60', 'cluster_1_thresh_0.40', 'cluster_2_thresh_0.90', 'cluster_2_thresh_0.80', 'cluster_1_thresh_0.60', 'cluster_1_thresh_0.50', 'cluster_4_thresh_0.10', 'cluster_2_thresh_0.40', 'cluster_2_thresh_0.20', 'cluster_1_thresh_0.10', 'cluster_2_thresh_0.70', 'cluster_1_thresh_0.90', 'cluster_1_thresh_0.80', 'cluster_2_thresh_0.50']"
0xd084b83c305dafd76ae3e1b4e1f1fe2ecccb3988,"['cluster_2_thresh_0.30', 'cluster_3_thresh_0.10', 'cluster_1_thresh_0.20', 'cluster_3_thresh_0.20', 'cluster_1_thresh_1.00', 'cluster_1_thresh_0.30', 'cluster_2_thresh_1.00', 'cluster_2_thresh_0.10', 'cluster_1_thresh_0.70', 'cluster_2_thresh_0.60', 'cluster_1_thresh_0.40', 'cluster_2_thresh_0.90', 'cluster_2_thresh_0.80', 'cluster_1_thresh_0.60', 'cluster_1_thresh_0.50', 'cluster_4_thresh_0.10', 'cluster_2_thresh_0.40', 'cluster_2_thresh_0.20', 'cluster_1_thresh_0.10', 'cluster_2_thresh_0.70', 'cluster_1_thresh_0.90', 'cluster_1_thresh_0.80', 'cluster_2_thresh_0.50']"
0x6b9f031d718dded0d681c20cb754f97b3bb81b78,"['cluster_2_thresh_0.30', 'cluster_3_thresh_0.10', 'cluster_1_thresh_0.20', 'cluster_3_thresh_0.20', 'cluster_1_thresh_1.00', 'cluster_1_thresh_0.30', 'cluster_2_thresh_1.00', 'cluster_2_thresh_0.10', 'cluster_1_thresh_0.70', 'cluster_2_thresh_0.60', 'cluster_1_thresh_0.40', 'cluster_2_thresh_0.90', 'cluster_2_thresh_0.80', 'cluster_1_thresh_0.60', 'cluster_1_thresh_0.50', 'cluster_4_thresh_0.10', 'cluster_2_thresh_0.40', 'cluster_2_thresh_0.20', 'cluster_1_thresh_0.10', 'cluster_2_thresh_0.70', 'cluster_1_thresh_0.90', 'cluster_1_thresh_0.80', 'cluster_2_thresh_0.50']"
0xae6ad38e2293c3e2bb5936edcbf005b135fb168a,"['cluster_2_thresh_0.30', 'cluster_3_thresh_0.10', 'cluster_1_thresh_0.20', 'cluster_3_thresh_0.20', 'cluster_1_thresh_1.00', 'cluster_1_thresh_0.30', 'cluster_2_thresh_1.00', 'cluster_2_thresh_0.10', 'cluster_1_thresh_0.70', 'cluster_2_thresh_0.60', 'cluster_1_thresh_0.40', 'cluster_2_thresh_0.90', 'cluster_2_thresh_0.80', 'cluster_1_thresh_0.60', 'cluster_1_thresh_0.50', 'cluster_4_thresh_0.10', 'cluster_2_thresh_0.40', 'cluster_2_thresh_0.20', 'cluster_1_thresh_0.10', 'cluster_2_thresh_0.70', 'cluster_1_thresh_0.90', 'cluster_1_thresh_0.80', 'cluster_2_thresh_0.50']"
0x1d8224b798e29f98379ab429aa716cdfe320c784,"['cluster_2_thresh_0.30', 'cluster_3_thresh_0.10', 'cluster_1_thresh_0.20', 'cluster_3_thresh_0.20', 'cluster_1_thresh_1.00', 'cluster_1_thresh_0.30', 'cluster_2_thresh_1.00', 'cluster_2_thresh_0.10', 'cluster_1_thresh_0.70', 'cluster_2_thresh_0.60', 'cluster_1_thresh_0.40', 'cluster_2_thresh_0.90', 'cluster_2_thresh_0.80', 'cluster_1_thresh_0.60', 'cluster_1_thresh_0.50', 'cluster_4_thresh_0.10', 'cluster_2_thresh_0.40', 'cluster_2_thresh_0.20', 'cluster_1_thresh_0.10', 'cluster_2_thresh_0.70', 'cluster_1_thresh_0.90', 'cluster_1_thresh_0.80', 'cluster_2_thresh_0.50']"
0xbf2179859fc6d5bee9bf9158632dc51678a4100e,"['cluster_2_thresh_0.30', 'cluster_3_thresh_0.10', 'cluster_1_thresh_0.20', 'cluster_3_thresh_0.20', 'cluster_1_thresh_1.00', 'cluster_1_thresh_0.30', 'cluster_2_thresh_1.00', 'cluster_2_thresh_0.10', 'cluster_1_thresh_0.70', 'cluster_2_thresh_0.60', 'cluster_1_thresh_0.40', 'cluster_2_thresh_0.90', 'cluster_2_thresh_0.80', 'cluster_1_thresh_0.60', 'cluster_1_thresh_0.50', 'cluster_4_thresh_0.10', 'cluster_2_thresh_0.40', 'cluster_2_thresh_0.20', 'cluster_1_thresh_0.10', 'cluster_2_thresh_0.70', 'cluster_1_thresh_0.90', 'cluster_1_thresh_0.80', 'cluster_2_thresh_0.50']"
0x53f09e87846c6124d2195882e5ffc5355e025539,"['cluster_2_thresh_0.30', 'cluster_3_thresh_0.10', 'cluster_1_thresh_0.20', 'cluster_3_thresh_0.20', 'cluster_1_thresh_1.00', 'cluster_1_thresh_0.30', 'cluster_2_thresh_1.00', 'cluster_2_thresh_0.10', 'cluster_1_thresh_0.70', 'cluster_2_thresh_0.60', 'cluster_1_thresh_0.40', 'cluster_2_thresh_0.90', 'cluster_2_thresh_0.80', 'cluster_1_thresh_0.60', 'cluster_1_thresh_0.50', 'cluster_4_thresh_0.10', 'cluster_2_thresh_0.40', 'cluster_2_thresh_0.20', 'cluster_1_thresh_0.10', 'cluster_2_thresh_0.70', 'cluster_1_thresh_0.90', 'cluster_1_thresh_0.80', 'cluster_2_thresh_0.50']"
0xbbf99342e803340da3c56b9710bcdec58b477010,"['cluster_2_thresh_0.30', 'cluster_3_thresh_0.10', 'cluster_1_thresh_0.20', 'cluster_3_thresh_0.20', 'cluster_1_thresh_1.00', 'cluster_1_thresh_0.30', 'cluster_2_thresh_1.00', 'cluster_2_thresh_0.10', 'cluster_1_thresh_0.70', 'cluster_2_thresh_0.60', 'cluster_1_thresh_0.40', 'cluster_2_thresh_0.90', 'cluster_2_thresh_0.80', 'cluster_1_thresh_0.60', 'cluster_1_thresh_0.50', 'cluster_4_thresh_0.10', 'cluster_2_thresh_0.40', 'cluster_2_thresh_0.20', 'cluster_1_thresh_0.10', 'cluster_2_thresh_0.70', 'cluster_1_thresh_0.90', 'cluster_1_thresh_0.80', 'cluster_2_thresh_0.50']"
0x4b58a6294669505925fc4190d869ef62804f3939,"['cluster_2_thresh_0.30', 'cluster_3_thresh_0.10', 'cluster_1_thresh_0.20', 'cluster_3_thresh_0.20', 'cluster_1_thresh_1.00', 'cluster_1_thresh_0.30', 'cluster_2_thresh_1.00', 'cluster_2_thresh_0.10', 'cluster_1_thresh_0.70', 'cluster_2_thresh_0.60', 'cluster_1_thresh_0.40', 'cluster_2_thresh_0.90', 'cluster_2_thresh_0.80', 'cluster_1_thresh_0.60', 'cluster_1_thresh_0.50', 'cluster_4_thresh_0.10', 'cluster_2_thresh_0.40', 'cluster_2_thresh_0.20', 'cluster_1_thresh_0.10', 'cluster_2_thresh_0.70', 'cluster_1_thresh_0.90', 'cluster_1_thresh_0.80', 'cluster_2_thresh_0.50']"
0xe8fdbe8b11d1e0c75f6d6bde79342fe59149995f,"['cluster_2_thresh_0.30', 'cluster_3_thresh_0.10', 'cluster_1_thresh_0.20', 'cluster_3_thresh_0.20', 'cluster_1_thresh_1.00', 'cluster_1_thresh_0.30', 'cluster_2_thresh_1.00', 'cluster_2_thresh_0.10', 'cluster_1_thresh_0.70', 'cluster_2_thresh_0.60', 'cluster_1_thresh_0.40', 'cluster_2_thresh_0.90', 'cluster_2_thresh_0.80', 'cluster_1_thresh_0.60', 'cluster_1_thresh_0.50', 'cluster_4_thresh_0.10', 'cluster_2_thresh_0.40', 'cluster_2_thresh_0.20', 'cluster_1_thresh_0.10', 'cluster_2_thresh_0.70', 'cluster_1_thresh_0.90', 'cluster_1_thresh_0.80', 'cluster_2_thresh_0.50']"
0x92524408bd5263a5ab25add57908eeb4f4ba9a16,"['cluster_2_thresh_0.30', 'cluster_3_thresh_0.10', 'cluster_1_thresh_0.20', 'cluster_3_thresh_0.20', 'cluster_1_thresh_1.00', 'cluster_1_thresh_0.30', 'cluster_2_thresh_1.00', 'cluster_2_thresh_0.10', 'cluster_1_thresh_0.70', 'cluster_2_thresh_0.60', 'cluster_1_thresh_0.40', 'cluster_2_thresh_0.90', 'cluster_2_thresh_0.80', 'cluster_1_thresh_0.60', 'cluster_1_thresh_0.50', 'cluster_4_thresh_0.10', 'cluster_2_thresh_0.40', 'cluster_2_thresh_0.20', 'cluster_1_thresh_0.10', 'cluster_2_thresh_0.70', 'cluster_1_thresh_0.90', 'cluster_1_thresh_0.80', 'cluster_2_thresh_0.50']"
0xf8f60b1d0aed34269210f373b5cf4c3aaf5043c3,"['cluster_2_thresh_0.30', 'cluster_3_thresh_0.10', 'cluster_1_thresh_0.20', 'cluster_3_thresh_0.20', 'cluster_1_thresh_1.00', 'cluster_1_thresh_0.30', 'cluster_2_thresh_1.00', 'cluster_2_thresh_0.10', 'cluster_1_thresh_0.70', 'cluster_2_thresh_0.60', 'cluster_1_thresh_0.40', 'cluster_2_thresh_0.90', 'cluster_2_thresh_0.80', 'cluster_1_thresh_0.60', 'cluster_1_thresh_0.50', 'cluster_4_thresh_0.10', 'cluster_2_thresh_0.40', 'cluster_2_thresh_0.20', 'cluster_1_thresh_0.10', 'cluster_2_thresh_0.70', 'cluster_1_thresh_0.90', 'cluster_1_thresh_0.80', 'cluster_2_thresh_0.50']"
0x8ab7404063ec4dbcfd4598215992dc3f8ec853d7,"['cluster_2_thresh_0.30', 'cluster_3_thresh_0.10', 'cluster_1_thresh_0.20', 'cluster_3_thresh_0.20', 'cluster_1_thresh_1.00', 'cluster_1_thresh_0.30', 'cluster_2_thresh_1.00', 'cluster_2_thresh_0.10', 'cluster_1_thresh_0.70', 'cluster_2_thresh_0.60', 'cluster_1_thresh_0.40', 'cluster_2_thresh_0.90', 'cluster_2_thresh_0.80', 'cluster_1_thresh_0.60', 'cluster_1_thresh_0.50', 'cluster_4_thresh_0.10', 'cluster_2_thresh_0.40', 'cluster_2_thresh_0.20', 'cluster_1_thresh_0.10', 'cluster_2_thresh_0.70', 'cluster_1_thresh_0.90', 'cluster_1_thresh_0.80', 'cluster_2_thresh_0.50']"
0x30f271c9e86d2b7d00a6376cd96a1cfbd5f0b9b3,"['cluster_2_thresh_0.30', 'cluster_3_thresh_0.10', 'cluster_1_thresh_0.20', 'cluster_3_thresh_0.20', 'cluster_1_thresh_1.00', 'cluster_1_thresh_0.30', 'cluster_2_thresh_1.00', 'cluster_2_thresh_0.10', 'cluster_1_thresh_0.70', 'cluster_2_thresh_0.60', 'cluster_1_thresh_0.40', 'cluster_2_thresh_0.90', 'cluster_2_thresh_0.80', 'cluster_1_thresh_0.60', 'cluster_1_thresh_0.50', 'cluster_4_thresh_0.10', 'cluster_2_thresh_0.40', 'cluster_2_thresh_0.20', 'cluster_1_thresh_0.10', 'cluster_2_thresh_0.70', 'cluster_1_thresh_0.90', 'cluster_1_thresh_0.80', 'cluster_2_thresh_0.50']"
0x73326b6764187b7176ed3c00109ddc1e6264eb8b,"['cluster_2_thresh_0.30', 'cluster_3_thresh_0.10', 'cluster_1_thresh_0.20', 'cluster_3_thresh_0.20', 'cluster_1_thresh_1.00', 'cluster_1_thresh_0.30', 'cluster_2_thresh_1.00', 'cluster_2_thresh_0.10', 'cluster_1_thresh_0.70', 'cluster_2_thresh_0.60', 'cluster_1_thresh_0.40', 'cluster_2_thresh_0.90', 'cluster_2_thresh_0.80', 'cluster_1_thresh_0.60', 'cluster_1_thresh_0.50', 'cluster_4_thresh_0.10', 'cluster_2_thresh_0.40', 'cluster_2_thresh_0.20', 'cluster_1_thresh_0.10', 'cluster_2_thresh_0.70', 'cluster_1_thresh_0.90', 'cluster_1_thresh_0.80', 'cluster_2_thresh_0.50']"
0xe5caef4af8780e59df925470b050fb23c43ca68c,"['cluster_2_thresh_0.30', 'cluster_3_thresh_0.10', 'cluster_1_thresh_0.20', 'cluster_3_thresh_0.20', 'cluster_1_thresh_1.00', 'cluster_1_thresh_0.30', 'cluster_2_thresh_1.00', 'cluster_2_thresh_0.10', 'cluster_1_thresh_0.70', 'cluster_2_thresh_0.60', 'cluster_1_thresh_0.40', 'cluster_2_thresh_0.90', 'cluster_2_thresh_0.80', 'cluster_1_thresh_0.60', 'cluster_1_thresh_0.50', 'cluster_4_thresh_0.10', 'cluster_2_thresh_0.40', 'cluster_2_thresh_0.20', 'cluster_1_thresh_0.10', 'cluster_2_thresh_0.70', 'cluster_1_thresh_0.90', 'cluster_1_thresh_0.80', 'cluster_2_thresh_0.50']"
0x817bbdbc3e8a1204f3691d14bb44992841e3db35,"['cluster_2_thresh_0.30', 'cluster_3_thresh_0.10', 'cluster_1_thresh_0.20', 'cluster_3_thresh_0.20', 'cluster_1_thresh_1.00', 'cluster_1_thresh_0.30', 'cluster_2_thresh_1.00', 'cluster_2_thresh_0.10', 'cluster_1_thresh_0.70', 'cluster_2_thresh_0.60', 'cluster_1_thresh_0.40', 'cluster_2_thresh_0.90', 'cluster_2_thresh_0.80', 'cluster_1_thresh_0.60', 'cluster_1_thresh_0.50', 'cluster_4_thresh_0.10', 'cluster_2_thresh_0.40', 'cluster_2_thresh_0.20', 'cluster_1_thresh_0.10', 'cluster_2_thresh_0.70', 'cluster_1_thresh_0.90', 'cluster_1_thresh_0.80', 'cluster_2_thresh_0.50']"
0xc789131504e76f46037bd5d5f5cfc18223e123a5,"['cluster_2_thresh_0.30', 'cluster_3_thresh_0.10', 'cluster_1_thresh_0.20', 'cluster_3_thresh_0.20', 'cluster_1_thresh_1.00', 'cluster_1_thresh_0.30', 'cluster_2_thresh_1.00', 'cluster_2_thresh_0.10', 'cluster_1_thresh_0.70', 'cluster_2_thresh_0.60', 'cluster_1_thresh_0.40', 'cluster_2_thresh_0.90', 'cluster_2_thresh_0.80', 'cluster_1_thresh_0.60', 'cluster_1_thresh_0.50', 'cluster_4_thresh_0.10', 'cluster_2_thresh_0.40', 'cluster_2_thresh_0.20', 'cluster_1_thresh_0.10', 'cluster_2_thresh_0.70', 'cluster_1_thresh_0.90', 'cluster_1_thresh_0.80', 'cluster_2_thresh_0.50']"
0xb4d930279552397bba2ee473229f89ec245bc365,"['cluster_2_thresh_0.30', 'cluster_3_thresh_0.10', 'cluster_1_thresh_0.20', 'cluster_3_thresh_0.20', 'cluster_1_thresh_1.00', 'cluster_1_thresh_0.30', 'cluster_2_thresh_1.00', 'cluster_2_thresh_0.10', 'cluster_1_thresh_0.70', 'cluster_2_thresh_0.60', 'cluster_1_thresh_0.40', 'cluster_2_thresh_0.90', 'cluster_2_thresh_0.80', 'cluster_1_thresh_0.60', 'cluster_1_thresh_0.50', 'cluster_4_thresh_0.10', 'cluster_2_thresh_0.40', 'cluster_2_thresh_0.20', 'cluster_1_thresh_0.10', 'cluster_2_thresh_0.70', 'cluster_1_thresh_0.90', 'cluster_1_thresh_0.80', 'cluster_2_thresh_0.50']"
0x01691f7bdfa897d4f5316b8c033b3c3c78ea2f77,"['cluster_2_thresh_0.30', 'cluster_3_thresh_0.10', 'cluster_1_thresh_0.20', 'cluster_3_thresh_0.20', 'cluster_1_thresh_1.00', 'cluster_1_thresh_0.30', 'cluster_2_thresh_1.00', 'cluster_2_thresh_0.10', 'cluster_1_thresh_0.70', 'cluster_2_thresh_0.60', 'cluster_1_thresh_0.40', 'cluster_2_thresh_0.90', 'cluster_2_thresh_0.80', 'cluster_1_thresh_0.60', 'cluster_1_thresh_0.50', 'cluster_4_thresh_0.10', 'cluster_2_thresh_0.40', 'cluster_2_thresh_0.20', 'cluster_1_thresh_0.10', 'cluster_2_thresh_0.70', 'cluster_1_thresh_0.90', 'cluster_1_thresh_0.80', 'cluster_2_thresh_0.50']"
0x7659ce147d0e714454073a5dd7003544234b6aa0,"['cluster_2_thresh_0.30', 'cluster_3_thresh_0.10', 'cluster_1_thresh_0.20', 'cluster_3_thresh_0.20', 'cluster_1_thresh_1.00', 'cluster_1_thresh_0.30', 'cluster_2_thresh_1.00', 'cluster_2_thresh_0.10', 'cluster_1_thresh_0.70', 'cluster_2_thresh_0.60', 'cluster_1_thresh_0.40', 'cluster_2_thresh_0.90', 'cluster_2_thresh_0.80', 'cluster_1_thresh_0.60', 'cluster_1_thresh_0.50', 'cluster_4_thresh_0.10', 'cluster_2_thresh_0.40', 'cluster_2_thresh_0.20', 'cluster_1_thresh_0.10', 'cluster_2_thresh_0.70', 'cluster_1_thresh_0.90', 'cluster_1_thresh_0.80', 'cluster_2_thresh_0.50']"
0xac0104cca91d167873b8601d2e71eb3d4d8c33e0,"['cluster_2_thresh_0.30', 'cluster_3_thresh_0.10', 'cluster_1_thresh_0.20', 'cluster_3_thresh_0.20', 'cluster_1_thresh_1.00', 'cluster_1_thresh_0.30', 'cluster_2_thresh_1.00', 'cluster_2_thresh_0.10', 'cluster_1_thresh_0.70', 'cluster_2_thresh_0.60', 'cluster_1_thresh_0.40', 'cluster_2_thresh_0.90', 'cluster_2_thresh_0.80', 'cluster_1_thresh_0.60', 'cluster_1_thresh_0.50', 'cluster_4_thresh_0.10', 'cluster_2_thresh_0.40', 'cluster_2_thresh_0.20', 'cluster_1_thresh_0.10', 'cluster_2_thresh_0.70', 'cluster_1_thresh_0.90', 'cluster_1_thresh_0.80', 'cluster_2_thresh_0.50']"
0xcad621da75a66c7a8f4ff86d30a2bf981bfc8fdd,"['cluster_2_thresh_0.30', 'cluster_3_thresh_0.10', 'cluster_1_thresh_0.20', 'cluster_3_thresh_0.20', 'cluster_1_thresh_1.00', 'cluster_1_thresh_0.30', 'cluster_2_thresh_1.00', 'cluster_2_thresh_0.10', 'cluster_1_thresh_0.70', 'cluster_2_thresh_0.60', 'cluster_1_thresh_0.40', 'cluster_2_thresh_0.90', 'cluster_2_thresh_0.80', 'cluster_1_thresh_0.60', 'cluster_1_thresh_0.50', 'cluster_4_thresh_0.10', 'cluster_2_thresh_0.40', 'cluster_2_thresh_0.20', 'cluster_1_thresh_0.10', 'cluster_2_thresh_0.70', 'cluster_1_thresh_0.90', 'cluster_1_thresh_0.80', 'cluster_2_thresh_0.50']"
0x3e9bc21c9b189c09df3ef1b824798658d5011937,"['cluster_2_thresh_0.30', 'cluster_3_thresh_0.10', 'cluster_1_thresh_0.20', 'cluster_3_thresh_0.20', 'cluster_1_thresh_1.00', 'cluster_1_thresh_0.30', 'cluster_2_thresh_1.00', 'cluster_2_thresh_0.10', 'cluster_1_thresh_0.70', 'cluster_2_thresh_0.60', 'cluster_1_thresh_0.40', 'cluster_2_thresh_0.90', 'cluster_2_thresh_0.80', 'cluster_1_thresh_0.60', 'cluster_1_thresh_0.50', 'cluster_4_thresh_0.10', 'cluster_2_thresh_0.40', 'cluster_2_thresh_0.20', 'cluster_1_thresh_0.10', 'cluster_2_thresh_0.70', 'cluster_1_thresh_0.90', 'cluster_1_thresh_0.80', 'cluster_2_thresh_0.50']"
0x562680a4dc50ed2f14d75bf31f494cfe0b8d10a1,"['cluster_2_thresh_0.30', 'cluster_3_thresh_0.10', 'cluster_1_thresh_0.20', 'cluster_3_thresh_0.20', 'cluster_1_thresh_1.00', 'cluster_1_thresh_0.30', 'cluster_2_thresh_1.00', 'cluster_2_thresh_0.10', 'cluster_1_thresh_0.70', 'cluster_2_thresh_0.60', 'cluster_1_thresh_0.40', 'cluster_2_thresh_0.90', 'cluster_2_thresh_0.80', 'cluster_1_thresh_0.60', 'cluster_1_thresh_0.50', 'cluster_4_thresh_0.10', 'cluster_2_thresh_0.40', 'cluster_2_thresh_0.20', 'cluster_1_thresh_0.10', 'cluster_2_thresh_0.70', 'cluster_1_thresh_0.90', 'cluster_1_thresh_0.80', 'cluster_2_thresh_0.50']"
0xda63a7f821513b7ed43c895fc5260ddc7799e7fa,"['cluster_2_thresh_0.30', 'cluster_3_thresh_0.10', 'cluster_1_thresh_0.20', 'cluster_3_thresh_0.20', 'cluster_1_thresh_1.00', 'cluster_1_thresh_0.30', 'cluster_2_thresh_1.00', 'cluster_2_thresh_0.10', 'cluster_1_thresh_0.70', 'cluster_2_thresh_0.60', 'cluster_1_thresh_0.40', 'cluster_2_thresh_0.90', 'cluster_2_thresh_0.80', 'cluster_1_thresh_0.60', 'cluster_1_thresh_0.50', 'cluster_4_thresh_0.10', 'cluster_2_thresh_0.40', 'cluster_2_thresh_0.20', 'cluster_1_thresh_0.10', 'cluster_2_thresh_0.70', 'cluster_1_thresh_0.90', 'cluster_1_thresh_0.80', 'cluster_2_thresh_0.50']"
0x91af0fbb28aba7e31403cb457106ce79397fd4e6,"['cluster_2_thresh_0.30', 'cluster_3_thresh_0.10', 'cluster_1_thresh_0.20', 'cluster_3_thresh_0.20', 'cluster_1_thresh_1.00', 'cluster_1_thresh_0.30', 'cluster_2_thresh_1.00', 'cluster_2_thresh_0.10', 'cluster_1_thresh_0.70', 'cluster_2_thresh_0.60', 'cluster_1_thresh_0.40', 'cluster_2_thresh_0.90', 'cluster_2_thresh_0.80', 'cluster_1_thresh_0.60', 'cluster_1_thresh_0.50', 'cluster_4_thresh_0.10', 'cluster_2_thresh_0.40', 'cluster_2_thresh_0.20', 'cluster_1_thresh_0.10', 'cluster_2_thresh_0.70', 'cluster_1_thresh_0.90', 'cluster_1_thresh_0.80', 'cluster_2_thresh_0.50']"
0x16eccfdbb4ee1a85a33f3a9b21175cd7ae753db4,"['cluster_2_thresh_0.30', 'cluster_3_thresh_0.10', 'cluster_1_thresh_0.20', 'cluster_3_thresh_0.20', 'cluster_1_thresh_1.00', 'cluster_1_thresh_0.30', 'cluster_2_thresh_1.00', 'cluster_2_thresh_0.10', 'cluster_1_thresh_0.70', 'cluster_2_thresh_0.60', 'cluster_1_thresh_0.40', 'cluster_2_thresh_0.90', 'cluster_2_thresh_0.80', 'cluster_1_thresh_0.60', 'cluster_1_thresh_0.50', 'cluster_4_thresh_0.10', 'cluster_2_thresh_0.40', 'cluster_2_thresh_0.20', 'cluster_1_thresh_0.10', 'cluster_2_thresh_0.70', 'cluster_1_thresh_0.90', 'cluster_1_thresh_0.80', 'cluster_2_thresh_0.50']"
0x061f7937b7b2bc7596539959804f86538b6368dc,"['cluster_2_thresh_0.30', 'cluster_3_thresh_0.10', 'cluster_1_thresh_0.20', 'cluster_3_thresh_0.20', 'cluster_1_thresh_1.00', 'cluster_1_thresh_0.30', 'cluster_2_thresh_1.00', 'cluster_2_thresh_0.10', 'cluster_1_thresh_0.70', 'cluster_2_thresh_0.60', 'cluster_1_thresh_0.40', 'cluster_2_thresh_0.90', 'cluster_2_thresh_0.80', 'cluster_1_thresh_0.60', 'cluster_1_thresh_0.50', 'cluster_4_thresh_0.10', 'cluster_2_thresh_0.40', 'cluster_2_thresh_0.20', 'cluster_1_thresh_0.10', 'cluster_2_thresh_0.70', 'cluster_1_thresh_0.90', 'cluster_1_thresh_0.80', 'cluster_2_thresh_0.50']"
0x28fb858080ef12e9e82aea6e3f25b631aa3d34a3,"['cluster_2_thresh_0.30', 'cluster_3_thresh_0.10', 'cluster_1_thresh_0.20', 'cluster_3_thresh_0.20', 'cluster_1_thresh_1.00', 'cluster_1_thresh_0.30', 'cluster_2_thresh_1.00', 'cluster_2_thresh_0.10', 'cluster_1_thresh_0.70', 'cluster_2_thresh_0.60', 'cluster_1_thresh_0.40', 'cluster_2_thresh_0.90', 'cluster_2_thresh_0.80', 'cluster_1_thresh_0.60', 'cluster_1_thresh_0.50', 'cluster_4_thresh_0.10', 'cluster_2_thresh_0.40', 'cluster_2_thresh_0.20', 'cluster_1_thresh_0.10', 'cluster_2_thresh_0.70', 'cluster_1_thresh_0.90', 'cluster_1_thresh_0.80', 'cluster_2_thresh_0.50']"
0xda41b70e77661db64c5dddb8b9914e1ad0ef4c17,"['cluster_2_thresh_0.30', 'cluster_3_thresh_0.10', 'cluster_1_thresh_0.20', 'cluster_3_thresh_0.20', 'cluster_1_thresh_1.00', 'cluster_1_thresh_0.30', 'cluster_2_thresh_1.00', 'cluster_2_thresh_0.10', 'cluster_1_thresh_0.70', 'cluster_2_thresh_0.60', 'cluster_1_thresh_0.40', 'cluster_2_thresh_0.90', 'cluster_2_thresh_0.80', 'cluster_1_thresh_0.60', 'cluster_1_thresh_0.50', 'cluster_4_thresh_0.10', 'cluster_2_thresh_0.40', 'cluster_2_thresh_0.20', 'cluster_1_thresh_0.10', 'cluster_2_thresh_0.70', 'cluster_1_thresh_0.90', 'cluster_1_thresh_0.80', 'cluster_2_thresh_0.50']"
0xb61dda1d66af1bf373947cd7ab8a866195596510,"['cluster_2_thresh_0.30', 'cluster_3_thresh_0.10', 'cluster_1_thresh_0.20', 'cluster_3_thresh_0.20', 'cluster_1_thresh_1.00', 'cluster_1_thresh_0.30', 'cluster_2_thresh_1.00', 'cluster_2_thresh_0.10', 'cluster_1_thresh_0.70', 'cluster_2_thresh_0.60', 'cluster_1_thresh_0.40', 'cluster_2_thresh_0.90', 'cluster_2_thresh_0.80', 'cluster_1_thresh_0.60', 'cluster_1_thresh_0.50', 'cluster_4_thresh_0.10', 'cluster_2_thresh_0.40', 'cluster_2_thresh_0.20', 'cluster_1_thresh_0.10', 'cluster_2_thresh_0.70', 'cluster_1_thresh_0.90', 'cluster_1_thresh_0.80', 'cluster_2_thresh_0.50']"
0xb14cfa2bc31d772633fbf4c670ae86f1e1c25fec,"['cluster_2_thresh_0.30', 'cluster_3_thresh_0.10', 'cluster_1_thresh_0.20', 'cluster_3_thresh_0.20', 'cluster_1_thresh_1.00', 'cluster_1_thresh_0.30', 'cluster_2_thresh_1.00', 'cluster_2_thresh_0.10', 'cluster_1_thresh_0.70', 'cluster_2_thresh_0.60', 'cluster_1_thresh_0.40', 'cluster_2_thresh_0.90', 'cluster_2_thresh_0.80', 'cluster_1_thresh_0.60', 'cluster_1_thresh_0.50', 'cluster_4_thresh_0.10', 'cluster_2_thresh_0.40', 'cluster_2_thresh_0.20', 'cluster_1_thresh_0.10', 'cluster_2_thresh_0.70', 'cluster_1_thresh_0.90', 'cluster_1_thresh_0.80', 'cluster_2_thresh_0.50']"
0xf34960d9d60be18cc1d5afc1a6f012a723a28811,"['cluster_2_thresh_0.30', 'cluster_3_thresh_0.10', 'cluster_1_thresh_0.20', 'cluster_3_thresh_0.20', 'cluster_1_thresh_1.00', 'cluster_1_thresh_0.30', 'cluster_2_thresh_1.00', 'cluster_2_thresh_0.10', 'cluster_1_thresh_0.70', 'cluster_2_thresh_0.60', 'cluster_1_thresh_0.40', 'cluster_2_thresh_0.90', 'cluster_2_thresh_0.80', 'cluster_1_thresh_0.60', 'cluster_1_thresh_0.50', 'cluster_4_thresh_0.10', 'cluster_2_thresh_0.40', 'cluster_2_thresh_0.20', 'cluster_1_thresh_0.10', 'cluster_2_thresh_0.70', 'cluster_1_thresh_0.90', 'cluster_1_thresh_0.80', 'cluster_2_thresh_0.50']"
0x412d0ff2f0ead900c33700f9c81e9e1258b0c87a,"['cluster_2_thresh_0.30', 'cluster_3_thresh_0.10', 'cluster_1_thresh_0.20', 'cluster_3_thresh_0.20', 'cluster_1_thresh_1.00', 'cluster_1_thresh_0.30', 'cluster_2_thresh_1.00', 'cluster_2_thresh_0.10', 'cluster_1_thresh_0.70', 'cluster_2_thresh_0.60', 'cluster_1_thresh_0.40', 'cluster_2_thresh_0.90', 'cluster_2_thresh_0.80', 'cluster_1_thresh_0.60', 'cluster_1_thresh_0.50', 'cluster_4_thresh_0.10', 'cluster_2_thresh_0.40', 'cluster_2_thresh_0.20', 'cluster_1_thresh_0.10', 'cluster_2_thresh_0.70', 'cluster_1_thresh_0.90', 'cluster_1_thresh_0.80', 'cluster_2_thresh_0.50']"
0xf001937650bb4f62b57521824b2c20f5b91bea05,"['cluster_2_thresh_0.30', 'cluster_3_thresh_0.10', 'cluster_1_thresh_0.20', 'cluster_3_thresh_0.20', 'cluster_1_thresh_1.00', 'cluster_1_thresh_0.30', 'cluster_2_thresh_1.00', 'cluster_2_thresh_0.10', 'cluster_1_thresh_0.70', 'cluster_2_thresh_0.60', 'cluster_1_thresh_0.40', 'cluster_2_thresh_0.90', 'cluster_2_thresh_0.80', 'cluster_1_thresh_0.60', 'cluster_1_thresh_0.50', 'cluster_4_thresh_0.10', 'cluster_2_thresh_0.40', 'cluster_2_thresh_0.20', 'cluster_1_thresh_0.10', 'cluster_2_thresh_0.70', 'cluster_1_thresh_0.90', 'cluster_1_thresh_0.80', 'cluster_2_thresh_0.50']"
0xdc020a5697a5c1bac1130c2c707d78d800ee5f0c,"['cluster_2_thresh_0.30', 'cluster_3_thresh_0.10', 'cluster_1_thresh_0.20', 'cluster_3_thresh_0.20', 'cluster_1_thresh_1.00', 'cluster_1_thresh_0.30', 'cluster_2_thresh_1.00', 'cluster_2_thresh_0.10', 'cluster_1_thresh_0.70', 'cluster_2_thresh_0.60', 'cluster_1_thresh_0.40', 'cluster_2_thresh_0.90', 'cluster_2_thresh_0.80', 'cluster_1_thresh_0.60', 'cluster_1_thresh_0.50', 'cluster_4_thresh_0.10', 'cluster_2_thresh_0.40', 'cluster_2_thresh_0.20', 'cluster_1_thresh_0.10', 'cluster_2_thresh_0.70', 'cluster_1_thresh_0.90', 'cluster_1_thresh_0.80', 'cluster_2_thresh_0.50']"
0x287f7e29417783a4ac4510dbd9552349fde966c1,"['cluster_2_thresh_0.30', 'cluster_3_thresh_0.10', 'cluster_1_thresh_0.20', 'cluster_3_thresh_0.20', 'cluster_1_thresh_1.00', 'cluster_1_thresh_0.30', 'cluster_2_thresh_1.00', 'cluster_2_thresh_0.10', 'cluster_1_thresh_0.70', 'cluster_2_thresh_0.60', 'cluster_1_thresh_0.40', 'cluster_2_thresh_0.90', 'cluster_2_thresh_0.80', 'cluster_1_thresh_0.60', 'cluster_1_thresh_0.50', 'cluster_4_thresh_0.10', 'cluster_2_thresh_0.40', 'cluster_2_thresh_0.20', 'cluster_1_thresh_0.10', 'cluster_2_thresh_0.70', 'cluster_1_thresh_0.90', 'cluster_1_thresh_0.80', 'cluster_2_thresh_0.50']"
0xd1448e466f0d27b45e0121c78b668eb3a11f746b,"['cluster_2_thresh_0.30', 'cluster_3_thresh_0.10', 'cluster_1_thresh_0.20', 'cluster_3_thresh_0.20', 'cluster_1_thresh_1.00', 'cluster_1_thresh_0.30', 'cluster_2_thresh_1.00', 'cluster_2_thresh_0.10', 'cluster_1_thresh_0.70', 'cluster_2_thresh_0.60', 'cluster_1_thresh_0.40', 'cluster_2_thresh_0.90', 'cluster_2_thresh_0.80', 'cluster_1_thresh_0.60', 'cluster_1_thresh_0.50', 'cluster_4_thresh_0.10', 'cluster_2_thresh_0.40', 'cluster_2_thresh_0.20', 'cluster_1_thresh_0.10', 'cluster_2_thresh_0.70', 'cluster_1_thresh_0.90', 'cluster_1_thresh_0.80', 'cluster_2_thresh_0.50']"
0xf1d08d50218f4939cf68a0358f9f1c274a7a4170,"['cluster_2_thresh_0.30', 'cluster_3_thresh_0.10', 'cluster_1_thresh_0.20', 'cluster_3_thresh_0.20', 'cluster_1_thresh_1.00', 'cluster_1_thresh_0.30', 'cluster_2_thresh_1.00', 'cluster_2_thresh_0.10', 'cluster_1_thresh_0.70', 'cluster_2_thresh_0.60', 'cluster_1_thresh_0.40', 'cluster_2_thresh_0.90', 'cluster_2_thresh_0.80', 'cluster_1_thresh_0.60', 'cluster_1_thresh_0.50', 'cluster_4_thresh_0.10', 'cluster_2_thresh_0.40', 'cluster_2_thresh_0.20', 'cluster_1_thresh_0.10', 'cluster_2_thresh_0.70', 'cluster_1_thresh_0.90', 'cluster_1_thresh_0.80', 'cluster_2_thresh_0.50']"
0x6b175474e89094c44da98b954eedeac495271d0f,"['cluster_2_thresh_0.30', 'cluster_3_thresh_0.10', 'cluster_1_thresh_0.20', 'cluster_3_thresh_0.20', 'cluster_1_thresh_1.00', 'cluster_1_thresh_0.30', 'cluster_2_thresh_1.00', 'cluster_2_thresh_0.10', 'cluster_1_thresh_0.70', 'cluster_2_thresh_0.60', 'cluster_1_thresh_0.40', 'cluster_2_thresh_0.90', 'cluster_2_thresh_0.80', 'cluster_1_thresh_0.60', 'cluster_1_thresh_0.50', 'cluster_4_thresh_0.10', 'cluster_2_thresh_0.40', 'cluster_2_thresh_0.20', 'cluster_1_thresh_0.10', 'cluster_2_thresh_0.70', 'cluster_1_thresh_0.90', 'cluster_1_thresh_0.80', 'cluster_2_thresh_0.50']"
