address,name_tag,label
0x2c6900b24221de2b4a45c8c89482fff96ffb7e55,ml_transit_0,heist
0x73326b6764187b7176ed3c00109ddc1e6264eb8b,ml_transit_0,heist
0xfa9a30350048b2bf66865ee20363067c66f67e58,unknown service,unknown service
0x9eee6862b78fb6f9627d7d5a908d2114814fcecd,ml_transit_1,heist
0x48fb8831e4639cc7823ee68015eb9aad4ca3dc7f,ml_transit_1,heist
0x52a62fe122ff79741e54f70f784a7aaa2f970005,unknown service,unknown service
0xcb488b8452996454237d824d72f86090470292f4,unknown service,unknown service
0xf8f60b1d0aed34269210f373b5cf4c3aaf5043c3,ml_transit_1,heist
0x28fb858080ef12e9e82aea6e3f25b631aa3d34a3,ml_transit_1,heist
0xf1d08d50218f4939cf68a0358f9f1c274a7a4170,ml_transit_1,heist
0xda63a7f821513b7ed43c895fc5260ddc7799e7fa,ml_transit_1,heist
0xdad0b957bd4ecdb1f8b6d2608947ff2282cf856c,ml_transit_1,heist
0x92524408bd5263a5ab25add57908eeb4f4ba9a16,ml_transit_1,heist
0x287f7e29417783a4ac4510dbd9552349fde966c1,ml_transit_1,heist
0xba45a7fe7d3ae470abe6e248708de0bdcd7fc165,ml_transit_2,heist
0x1d8224b798e29f98379ab429aa716cdfe320c784,ml_transit_2,heist
0x35321c9c5ba98d4d85c0cf3084e246882a27a777,ml_transit_2,heist
0x5629d0f06a984dab5f062aa8bb0eab75b94e7bf6,ml_transit_2,heist
0xd129d7d3e40f0050a767063af7d4ea6581e69ca0,ml_transit_2,heist
0xcba9bec560729b6bd380c052d582a37d22733ef1,ml_transit_2,heist
0xd1448e466f0d27b45e0121c78b668eb3a11f746b,ml_transit_2,heist
0x12b0f3843ba5d19cd3aa91fe1cb72605fa1d3925,ml_transit_2,heist
0x1445ef011d070380fee36b0b0ded3604de579e52,ml_transit_2,heist
0xac893d79b11252b3abf1002af2fc7350f76e2467,ml_transit_2,heist
0x756b4cd1f83684f78c6470d4071026509789946c,ml_transit_2,heist
0x70dcf33ca09bd87bb2a301280331406ebd32c8a0,unknown service,unknown service
0x7ad858431a2a534998101f3381f266cd291209fd,ml_transit_2,heist
0xbdc6c106964cd27436f102de99d00f24522f37ca,ml_transit_2,heist
0x74de5d4fcbf63e00296fd95d33236b9794016631,unknown service,unknown service
0x095172b7bfe861e6b3587613faff109ca1bd67b1,ml_transit_2,heist
0xda41b70e77661db64c5dddb8b9914e1ad0ef4c17,ml_transit_2,heist
0x4b58a6294669505925fc4190d869ef62804f3939,ml_transit_2,heist
0xb14cfa2bc31d772633fbf4c670ae86f1e1c25fec,ml_transit_2,heist
0x7306ff12bd0657e4cc4d964159f0d103efa4668d,ml_transit_2,heist
0xb61dda1d66af1bf373947cd7ab8a866195596510,ml_transit_2,heist
0xbbf99342e803340da3c56b9710bcdec58b477010,ml_transit_2,heist
0xc789131504e76f46037bd5d5f5cfc18223e123a5,ml_transit_3,heist
0x1599cae5a1089d4bffdb7f76b58d7e2ceb6ec430,ml_transit_3,heist
0x4e20830add749806fba1a675d49293056dca8257,ml_transit_3,heist
0xae2dc7b02539658c441e02956f2d846c5ec96783,ml_transit_3,heist
0xb3a9e205bc35260f784e2328f3665f2ee8929bb4,ml_transit_3,heist
0x848d4a9beb3b51a13aee39c4d0b590dcc867a2ae,ml_transit_3,heist
0x6249941b95f25d265209b4d6226cf165713b0a5f,ml_transit_3,heist
0x3d5202a0564de9b05ecd07c955bcca964585ea03,unknown service,unknown service
0xf3a2f00fc9e399fcfec8b619801451ae8a8611ac,ml_transit_3,heist
0xdc020a5697a5c1bac1130c2c707d78d800ee5f0c,ml_transit_3,heist
0xa9d89a5caf6480496acc8f4096fe254f24329ef0,unknown service,unknown service
0xae6ad38e2293c3e2bb5936edcbf005b135fb168a,ml_transit_3,heist
0x412d0ff2f0ead900c33700f9c81e9e1258b0c87a,ml_transit_3,heist
0x3085254db0dadfaaa825be5441de49b7c50d4f40,ml_transit_3,heist
0x53f09e87846c6124d2195882e5ffc5355e025539,ml_transit_3,heist
0xc88914bf3dbb6a7607936993093aae4bfccf3461,ml_transit_3,heist
0xc0d1228afefb36d5bacdfbcad2f3c8a48692a448,ml_transit_3,heist
0x27d80fdaec14e7c3d6cef9471bb9cd2c0cc06bd9,ml_transit_3,heist
0xe8fdbe8b11d1e0c75f6d6bde79342fe59149995f,ml_transit_3,heist
0x1003226b8933950115420078e3a27cea9ce8a1bc,ml_transit_3,heist
0xf16e9b0d03470827a95cdfd0cb8a8a3b46969b91,unknown service,unknown service
0x738cf6903e6c4e699d1c2dd9ab8b67fcdb3121ea,unknown service,unknown service
0x01691f7bdfa897d4f5316b8c033b3c3c78ea2f77,ml_transit_3,heist
0x82e66fdcb4e7f5c3890581954fcc59f629acfc00,ml_transit_4,heist
0x9eb378a3c8f73e538481779ab6ba245219c36478,ml_transit_4,heist
0x9c70f25fee9b94ee65d7b37836dbaa011af96b81,ml_transit_4,heist
0x88e6a0c2ddd26feeb64f039a2c41296fcb3f5640,unknown service,unknown service
0x28db70e9d76cd5c46b91f844f0a18d3b10249f2c,ml_transit_4,heist
0xd5e9ca80485493d12400019d4af8fde74a3f6978,ml_transit_4,heist
0x8cdced243bec34417252bbe1f23d996740a2b535,ml_transit_4,heist
0x741e97e4d946286b5f9495952c46de0620dcfedc,ml_transit_5,heist
