Unnamed: 0,address,community_id,illicit_ratio
0,210635319,146,1.0
1,210230025,146,1.0
2,209944128,146,1.0
3,211081409,146,1.0
4,211082169,146,1.0
5,211082180,146,1.0
6,211169313,146,1.0
7,211082164,146,1.0
8,210635198,146,1.0
9,210635202,146,1.0
10,211082183,146,1.0
11,210634728,146,1.0
12,210634730,146,1.0
13,210634736,146,1.0
14,210634740,146,1.0
15,210496066,146,1.0
16,210634725,146,1.0
17,210634743,146,1.0
18,210634844,146,1.0
19,210635192,146,1.0
20,210634837,146,1.0
21,210634839,146,1.0
22,211082829,146,1.0
23,210392754,146,1.0
24,210634834,146,1.0
25,211082415,146,1.0
26,210638704,146,1.0
27,210650508,146,1.0
28,211082410,146,1.0
29,210638701,146,1.0
30,187962501,146,1.0
31,210635317,146,1.0
32,99191731,155,0.8421052631578947
33,115075506,155,0.8421052631578947
34,99632314,155,0.8421052631578947
35,99911404,155,0.8421052631578947
36,99191240,155,0.8421052631578947
37,99206385,155,0.8421052631578947
38,99191735,155,0.8421052631578947
39,99330835,155,0.8421052631578947
40,99330830,155,0.8421052631578947
41,98975513,155,0.8421052631578947
42,99190654,155,0.8421052631578947
43,99316641,155,0.8421052631578947
44,99316645,155,0.8421052631578947
45,99220262,155,0.8421052631578947
46,108489047,155,0.8421052631578947
47,99911574,155,0.8421052631578947
48,108202882,155,0.8421052631578947
49,99911575,155,0.8421052631578947
50,99183729,155,0.8421052631578947
51,99911570,155,0.8421052631578947
52,99319632,155,0.8421052631578947
53,113830843,155,0.8421052631578947
54,99316649,155,0.8421052631578947
55,99317182,155,0.8421052631578947
56,99261367,155,0.8421052631578947
57,99191615,155,0.8421052631578947
58,99911576,155,0.8421052631578947
59,113829997,155,0.8421052631578947
60,100050960,155,0.8421052631578947
61,99316546,155,0.8421052631578947
62,99948856,155,0.8421052631578947
63,98975511,155,0.8421052631578947
64,99316543,155,0.8421052631578947
65,113844937,155,0.8421052631578947
66,99911524,155,0.8421052631578947
67,98975509,155,0.8421052631578947
68,99191619,155,0.8421052631578947
69,100042617,155,0.8421052631578947
70,99206910,155,0.8421052631578947
71,99633307,155,0.8421052631578947
72,115241685,155,0.8421052631578947
73,99911523,155,0.8421052631578947
74,99316541,155,0.8421052631578947
75,115145028,155,0.8421052631578947
76,99914481,155,0.8421052631578947
77,99319626,155,0.8421052631578947
78,98975506,155,0.8421052631578947
79,99318697,155,0.8421052631578947
80,99318614,155,0.8421052631578947
81,100042615,155,0.8421052631578947
82,99259620,155,0.8421052631578947
83,99914479,155,0.8421052631578947
84,99190653,155,0.8421052631578947
85,99179427,155,0.8421052631578947
86,99191238,155,0.8421052631578947
87,99183732,155,0.8421052631578947
88,99947155,155,0.8421052631578947
89,102584101,155,0.8421052631578947
90,99208676,155,0.8421052631578947
91,372972175,163,1.0
92,372972553,163,1.0
93,368775548,163,1.0
94,372670818,163,1.0
95,372734601,163,1.0
96,372818040,163,1.0
97,308579027,163,1.0
98,368750365,163,1.0
99,372677812,163,1.0
100,312453095,163,1.0
101,368791686,163,1.0
102,368791781,163,1.0
103,372734593,163,1.0
104,372872914,163,1.0
105,312452722,163,1.0
106,312452721,163,1.0
107,372818046,163,1.0
108,368750371,163,1.0
109,372734596,163,1.0
110,312449871,163,1.0
111,372872911,163,1.0
112,312449872,163,1.0
113,268792477,179,0.7924528301886793
114,277013200,179,0.7924528301886793
115,283185918,179,0.7924528301886793
116,283185916,179,0.7924528301886793
117,268795728,179,0.7924528301886793
118,283192410,179,0.7924528301886793
119,275521193,179,0.7924528301886793
120,276992168,179,0.7924528301886793
121,170466451,179,0.7924528301886793
122,273217683,179,0.7924528301886793
123,283195173,179,0.7924528301886793
124,269128543,179,0.7924528301886793
125,269501612,179,0.7924528301886793
126,269563067,179,0.7924528301886793
127,283190988,179,0.7924528301886793
128,269546042,179,0.7924528301886793
129,283174309,179,0.7924528301886793
130,276937606,179,0.7924528301886793
131,275521188,179,0.7924528301886793
132,283190985,179,0.7924528301886793
133,275521195,179,0.7924528301886793
134,269578648,179,0.7924528301886793
135,283190987,179,0.7924528301886793
136,276940048,179,0.7924528301886793
137,269078339,179,0.7924528301886793
138,269078348,179,0.7924528301886793
139,269500593,179,0.7924528301886793
140,283192276,179,0.7924528301886793
141,191347647,179,0.7924528301886793
142,269870093,179,0.7924528301886793
143,268806590,179,0.7924528301886793
144,187152959,179,0.7924528301886793
145,268793353,179,0.7924528301886793
146,269128821,179,0.7924528301886793
147,269121192,179,0.7924528301886793
148,273995851,179,0.7924528301886793
149,269502431,179,0.7924528301886793
150,269537453,179,0.7924528301886793
151,283192274,179,0.7924528301886793
152,28443663,179,0.7924528301886793
153,276937599,179,0.7924528301886793
154,269527450,179,0.7924528301886793
155,170466452,179,0.7924528301886793
156,269874323,179,0.7924528301886793
157,268829791,179,0.7924528301886793
158,233549451,179,0.7924528301886793
159,276941671,179,0.7924528301886793
160,273536494,179,0.7924528301886793
161,269451831,179,0.7924528301886793
162,269871981,179,0.7924528301886793
163,269870117,179,0.7924528301886793
164,269871863,179,0.7924528301886793
165,269586565,179,0.7924528301886793
166,269586557,179,0.7924528301886793
167,268791658,179,0.7924528301886793
168,283192693,179,0.7924528301886793
169,70245736,179,0.7924528301886793
170,89026494,179,0.7924528301886793
171,268788405,179,0.7924528301886793
172,269118421,179,0.7924528301886793
173,269077016,179,0.7924528301886793
174,269502421,179,0.7924528301886793
175,269509130,179,0.7924528301886793
176,283192409,179,0.7924528301886793
177,276998566,179,0.7924528301886793
178,269920497,179,0.7924528301886793
179,283192408,179,0.7924528301886793
180,179073938,179,0.7924528301886793
181,269870099,179,0.7924528301886793
182,269501303,179,0.7924528301886793
183,283174308,179,0.7924528301886793
184,269524770,179,0.7924528301886793
185,283192688,179,0.7924528301886793
186,269031457,179,0.7924528301886793
187,269546305,179,0.7924528301886793
188,283188125,179,0.7924528301886793
189,268790001,179,0.7924528301886793
190,87494797,179,0.7924528301886793
191,269555711,179,0.7924528301886793
192,283192691,179,0.7924528301886793
193,69266385,179,0.7924528301886793
194,269871536,179,0.7924528301886793
195,283173727,179,0.7924528301886793
196,283190986,179,0.7924528301886793
197,283192275,179,0.7924528301886793
198,275521189,179,0.7924528301886793
199,293694263,179,0.7924528301886793
200,283192692,179,0.7924528301886793
201,269511849,179,0.7924528301886793
202,269118746,179,0.7924528301886793
203,269585288,179,0.7924528301886793
204,269585286,179,0.7924528301886793
205,269871997,179,0.7924528301886793
206,269500636,179,0.7924528301886793
207,268825690,179,0.7924528301886793
208,269891511,179,0.7924528301886793
209,69268919,179,0.7924528301886793
210,269071796,179,0.7924528301886793
211,269530867,179,0.7924528301886793
212,269561973,179,0.7924528301886793
213,269500196,179,0.7924528301886793
214,283192690,179,0.7924528301886793
215,269524771,179,0.7924528301886793
216,234858482,179,0.7924528301886793
217,269587003,179,0.7924528301886793
218,102614111,188,0.6494845360824743
219,168218829,188,0.6494845360824743
220,123934633,188,0.6494845360824743
221,163817888,188,0.6494845360824743
222,163701817,188,0.6494845360824743
223,163885895,188,0.6494845360824743
224,166070349,188,0.6494845360824743
225,164412870,188,0.6494845360824743
226,165862490,188,0.6494845360824743
227,166082754,188,0.6494845360824743
228,165875954,188,0.6494845360824743
229,165876294,188,0.6494845360824743
230,163586165,188,0.6494845360824743
231,163896734,188,0.6494845360824743
232,153721293,188,0.6494845360824743
233,163810729,188,0.6494845360824743
234,163651194,188,0.6494845360824743
235,163651192,188,0.6494845360824743
236,166495446,188,0.6494845360824743
237,163815888,188,0.6494845360824743
238,163862205,188,0.6494845360824743
239,168158009,188,0.6494845360824743
240,163704791,188,0.6494845360824743
241,163892576,188,0.6494845360824743
242,4232201,188,0.6494845360824743
243,164149211,188,0.6494845360824743
244,166072787,188,0.6494845360824743
245,163733966,188,0.6494845360824743
246,163846705,188,0.6494845360824743
247,165889085,188,0.6494845360824743
248,165889086,188,0.6494845360824743
249,163889383,188,0.6494845360824743
250,163889387,188,0.6494845360824743
251,22373564,188,0.6494845360824743
252,163892460,188,0.6494845360824743
253,163708851,188,0.6494845360824743
254,163708854,188,0.6494845360824743
255,3222249,188,0.6494845360824743
256,166080421,188,0.6494845360824743
257,166077407,188,0.6494845360824743
258,166083311,188,0.6494845360824743
259,13770911,188,0.6494845360824743
260,163670753,188,0.6494845360824743
261,166071318,188,0.6494845360824743
262,166071322,188,0.6494845360824743
263,163734088,188,0.6494845360824743
264,163734076,188,0.6494845360824743
265,163692451,188,0.6494845360824743
266,163692459,188,0.6494845360824743
267,163708422,188,0.6494845360824743
268,163708425,188,0.6494845360824743
269,164376970,188,0.6494845360824743
270,166081729,188,0.6494845360824743
271,163591389,188,0.6494845360824743
272,163701821,188,0.6494845360824743
273,165890823,188,0.6494845360824743
274,163734089,188,0.6494845360824743
275,163592464,188,0.6494845360824743
276,163709468,188,0.6494845360824743
277,168209335,188,0.6494845360824743
278,135981286,188,0.6494845360824743
279,163815413,188,0.6494845360824743
280,163818929,188,0.6494845360824743
281,166071273,188,0.6494845360824743
282,60620004,188,0.6494845360824743
283,166071244,188,0.6494845360824743
284,164500154,188,0.6494845360824743
285,165850173,188,0.6494845360824743
286,165850175,188,0.6494845360824743
287,166519508,188,0.6494845360824743
288,107617367,188,0.6494845360824743
289,119568448,188,0.6494845360824743
290,163889674,188,0.6494845360824743
291,163667273,188,0.6494845360824743
292,163667278,188,0.6494845360824743
293,166519503,188,0.6494845360824743
294,163588426,188,0.6494845360824743
295,168176011,188,0.6494845360824743
296,165849369,188,0.6494845360824743
297,75528333,188,0.6494845360824743
298,163691877,188,0.6494845360824743
299,163591905,188,0.6494845360824743
300,163591899,188,0.6494845360824743
301,163667318,188,0.6494845360824743
302,163667324,188,0.6494845360824743
303,164105600,188,0.6494845360824743
304,163600142,188,0.6494845360824743
305,166094983,188,0.6494845360824743
306,165336901,188,0.6494845360824743
307,166540249,188,0.6494845360824743
308,165888449,188,0.6494845360824743
309,163893315,188,0.6494845360824743
310,163893320,188,0.6494845360824743
311,30022545,188,0.6494845360824743
312,163586078,188,0.6494845360824743
313,163846813,188,0.6494845360824743
314,167743047,188,0.6494845360824743
315,62082825,188,0.6494845360824743
316,29767411,188,0.6494845360824743
317,168206934,188,0.6494845360824743
318,163892698,188,0.6494845360824743
319,164772185,188,0.6494845360824743
320,166073898,188,0.6494845360824743
321,163815428,188,0.6494845360824743
322,166071311,188,0.6494845360824743
323,163704800,188,0.6494845360824743
324,165804294,188,0.6494845360824743
325,165849609,188,0.6494845360824743
326,168018171,188,0.6494845360824743
327,165041873,188,0.6494845360824743
328,26401833,188,0.6494845360824743
329,168173722,188,0.6494845360824743
330,168153805,188,0.6494845360824743
331,163586406,188,0.6494845360824743
332,163586417,188,0.6494845360824743
333,163896042,188,0.6494845360824743
334,166521556,188,0.6494845360824743
335,165889088,188,0.6494845360824743
336,165212084,188,0.6494845360824743
337,165850453,188,0.6494845360824743
338,165850457,188,0.6494845360824743
339,163613192,188,0.6494845360824743
340,165838890,188,0.6494845360824743
341,163805804,188,0.6494845360824743
342,163663104,188,0.6494845360824743
343,163663101,188,0.6494845360824743
344,163820072,188,0.6494845360824743
345,163820076,188,0.6494845360824743
346,165849395,188,0.6494845360824743
347,165849399,188,0.6494845360824743
348,166081953,188,0.6494845360824743
349,164354707,188,0.6494845360824743
350,165849657,188,0.6494845360824743
351,124876736,188,0.6494845360824743
352,168183083,188,0.6494845360824743
353,166499045,188,0.6494845360824743
354,166499051,188,0.6494845360824743
355,163822268,188,0.6494845360824743
356,15254893,188,0.6494845360824743
357,163806556,188,0.6494845360824743
358,163902379,188,0.6494845360824743
359,167748861,188,0.6494845360824743
360,168139100,188,0.6494845360824743
361,163657331,188,0.6494845360824743
362,163658888,188,0.6494845360824743
363,163815723,188,0.6494845360824743
364,163703434,188,0.6494845360824743
365,166519430,188,0.6494845360824743
366,163660881,188,0.6494845360824743
367,163661413,188,0.6494845360824743
368,163867307,188,0.6494845360824743
369,163867589,188,0.6494845360824743
370,163622460,188,0.6494845360824743
371,163622803,188,0.6494845360824743
372,166519471,188,0.6494845360824743
373,166519484,188,0.6494845360824743
374,163601735,188,0.6494845360824743
375,166487424,188,0.6494845360824743
376,163585653,188,0.6494845360824743
377,163585815,188,0.6494845360824743
378,163661939,188,0.6494845360824743
379,166519491,188,0.6494845360824743
380,166519495,188,0.6494845360824743
381,165849400,188,0.6494845360824743
382,166500126,188,0.6494845360824743
383,165212069,188,0.6494845360824743
384,165888462,188,0.6494845360824743
385,168174688,188,0.6494845360824743
386,166084016,188,0.6494845360824743
387,134617269,188,0.6494845360824743
388,163585945,188,0.6494845360824743
389,163585954,188,0.6494845360824743
390,163889356,188,0.6494845360824743
391,63646976,188,0.6494845360824743
392,163709471,188,0.6494845360824743
393,125711425,188,0.6494845360824743
394,168218822,188,0.6494845360824743
395,166074569,188,0.6494845360824743
396,47221517,188,0.6494845360824743
397,163721571,188,0.6494845360824743
398,163842321,188,0.6494845360824743
399,165849361,188,0.6494845360824743
400,165849366,188,0.6494845360824743
401,163893328,188,0.6494845360824743
402,166540240,188,0.6494845360824743
403,163893610,188,0.6494845360824743
404,166071612,188,0.6494845360824743
405,166071629,188,0.6494845360824743
406,163603438,188,0.6494845360824743
407,163662545,188,0.6494845360824743
408,163591909,188,0.6494845360824743
409,163591907,188,0.6494845360824743
410,163654828,188,0.6494845360824743
411,163836068,188,0.6494845360824743
412,163806544,188,0.6494845360824743
413,163868034,188,0.6494845360824743
414,163820078,188,0.6494845360824743
415,38327782,188,0.6494845360824743
416,163632487,188,0.6494845360824743
417,163655902,188,0.6494845360824743
418,148821651,188,0.6494845360824743
419,168219115,188,0.6494845360824743
420,163700490,188,0.6494845360824743
421,163682688,188,0.6494845360824743
422,165888750,188,0.6494845360824743
423,166076279,188,0.6494845360824743
424,163846807,188,0.6494845360824743
425,164381748,188,0.6494845360824743
426,62447974,188,0.6494845360824743
427,30929720,188,0.6494845360824743
428,163734081,188,0.6494845360824743
429,165862955,188,0.6494845360824743
430,163814917,188,0.6494845360824743
431,163814923,188,0.6494845360824743
432,166073496,188,0.6494845360824743
433,17942794,188,0.6494845360824743
434,166499386,188,0.6494845360824743
435,165856403,188,0.6494845360824743
436,168194819,188,0.6494845360824743
437,167124770,188,0.6494845360824743
438,163631023,188,0.6494845360824743
439,91665078,188,0.6494845360824743
440,165888996,188,0.6494845360824743
441,165888998,188,0.6494845360824743
442,168203738,188,0.6494845360824743
443,163889676,188,0.6494845360824743
444,163596070,188,0.6494845360824743
445,166096274,188,0.6494845360824743
446,163886780,188,0.6494845360824743
447,163888946,188,0.6494845360824743
448,163888951,188,0.6494845360824743
449,163621792,188,0.6494845360824743
450,163621796,188,0.6494845360824743
451,166492424,188,0.6494845360824743
452,168158015,188,0.6494845360824743
453,166494223,188,0.6494845360824743
454,163814921,188,0.6494845360824743
455,163586069,188,0.6494845360824743
456,163586071,188,0.6494845360824743
457,166083307,188,0.6494845360824743
458,165041888,188,0.6494845360824743
459,163603465,188,0.6494845360824743
460,163603455,188,0.6494845360824743
461,163621148,188,0.6494845360824743
462,116599983,188,0.6494845360824743
463,78403720,188,0.6494845360824743
464,166499147,188,0.6494845360824743
465,166499286,188,0.6494845360824743
466,142865403,188,0.6494845360824743
467,166540281,188,0.6494845360824743
468,163663135,188,0.6494845360824743
469,164902453,188,0.6494845360824743
470,165849392,188,0.6494845360824743
471,163885824,188,0.6494845360824743
472,163885819,188,0.6494845360824743
473,163700506,188,0.6494845360824743
474,163700509,188,0.6494845360824743
475,163805799,188,0.6494845360824743
476,163667978,188,0.6494845360824743
477,163667986,188,0.6494845360824743
478,168195251,188,0.6494845360824743
479,166072883,188,0.6494845360824743
480,160151526,188,0.6494845360824743
481,60066228,188,0.6494845360824743
482,164435117,188,0.6494845360824743
483,163631047,188,0.6494845360824743
484,163692159,188,0.6494845360824743
485,163692156,188,0.6494845360824743
486,163701500,188,0.6494845360824743
487,163701804,188,0.6494845360824743
488,165850598,188,0.6494845360824743
489,118119566,188,0.6494845360824743
490,163631024,188,0.6494845360824743
491,29013655,188,0.6494845360824743
492,166071315,188,0.6494845360824743
493,163631037,188,0.6494845360824743
494,163586426,188,0.6494845360824743
495,163586429,188,0.6494845360824743
496,58621744,188,0.6494845360824743
497,165850447,188,0.6494845360824743
498,84271971,188,0.6494845360824743
499,166540305,188,0.6494845360824743
500,163835353,188,0.6494845360824743
501,27210820,188,0.6494845360824743
502,163667259,188,0.6494845360824743
503,163631044,188,0.6494845360824743
504,168139106,188,0.6494845360824743
505,163885892,188,0.6494845360824743
506,163708420,188,0.6494845360824743
507,163591620,188,0.6494845360824743
508,163591618,188,0.6494845360824743
509,168219117,188,0.6494845360824743
510,166072704,188,0.6494845360824743
511,163666105,188,0.6494845360824743
512,163585504,188,0.6494845360824743
513,164099729,188,0.6494845360824743
514,166071329,188,0.6494845360824743
515,166071333,188,0.6494845360824743
516,166086846,188,0.6494845360824743
517,70015681,188,0.6494845360824743
518,163806313,188,0.6494845360824743
519,163865179,188,0.6494845360824743
520,163586435,188,0.6494845360824743
521,165860780,188,0.6494845360824743
522,163814941,188,0.6494845360824743
523,163814935,188,0.6494845360824743
524,166078864,188,0.6494845360824743
525,163806795,188,0.6494845360824743
526,163806787,188,0.6494845360824743
527,163604528,188,0.6494845360824743
528,163734090,188,0.6494845360824743
529,168122867,188,0.6494845360824743
530,163889337,188,0.6494845360824743
531,163889344,188,0.6494845360824743
532,163621152,188,0.6494845360824743
533,163621153,188,0.6494845360824743
534,98992940,188,0.6494845360824743
535,163586130,188,0.6494845360824743
536,163700489,188,0.6494845360824743
537,163586072,188,0.6494845360824743
538,168219103,188,0.6494845360824743
539,163677652,188,0.6494845360824743
540,163871732,188,0.6494845360824743
541,165857562,188,0.6494845360824743
542,163708179,188,0.6494845360824743
543,163888918,188,0.6494845360824743
544,163585655,188,0.6494845360824743
545,135600096,188,0.6494845360824743
546,163704797,188,0.6494845360824743
547,163600375,188,0.6494845360824743
548,163585639,188,0.6494845360824743
549,165849631,188,0.6494845360824743
550,82883590,188,0.6494845360824743
551,165885573,188,0.6494845360824743
552,163734082,188,0.6494845360824743
553,163699534,188,0.6494845360824743
554,163587333,188,0.6494845360824743
555,166072478,188,0.6494845360824743
556,76999860,188,0.6494845360824743
557,163700478,188,0.6494845360824743
558,165893893,188,0.6494845360824743
559,165890772,188,0.6494845360824743
560,166082541,188,0.6494845360824743
561,165041882,188,0.6494845360824743
562,163700473,188,0.6494845360824743
563,166515571,188,0.6494845360824743
564,165111516,188,0.6494845360824743
565,166519543,188,0.6494845360824743
566,80994863,188,0.6494845360824743
567,163620916,188,0.6494845360824743
568,165848390,188,0.6494845360824743
569,164903662,188,0.6494845360824743
570,20808326,188,0.6494845360824743
571,163841110,188,0.6494845360824743
572,62477028,188,0.6494845360824743
573,163631413,188,0.6494845360824743
574,30919230,188,0.6494845360824743
575,163708417,188,0.6494845360824743
576,163651223,188,0.6494845360824743
577,163886784,188,0.6494845360824743
578,163703148,188,0.6494845360824743
579,163893624,188,0.6494845360824743
580,163893618,188,0.6494845360824743
581,166093871,188,0.6494845360824743
582,164099720,188,0.6494845360824743
583,163692160,188,0.6494845360824743
584,166100055,188,0.6494845360824743
585,168218453,188,0.6494845360824743
586,3327952,188,0.6494845360824743
587,166865274,188,0.6494845360824743
588,166540296,188,0.6494845360824743
589,166540300,188,0.6494845360824743
590,163733131,188,0.6494845360824743
591,163889262,188,0.6494845360824743
592,163889258,188,0.6494845360824743
593,163586169,188,0.6494845360824743
594,165850461,188,0.6494845360824743
595,163631020,188,0.6494845360824743
596,116901759,188,0.6494845360824743
597,163896606,188,0.6494845360824743
598,163815718,188,0.6494845360824743
599,163846811,188,0.6494845360824743
600,165802042,188,0.6494845360824743
601,164775030,188,0.6494845360824743
602,164885660,188,0.6494845360824743
603,163708185,188,0.6494845360824743
604,163700819,188,0.6494845360824743
605,163700826,188,0.6494845360824743
606,163826204,188,0.6494845360824743
607,163826185,188,0.6494845360824743
608,166519548,188,0.6494845360824743
609,163631029,188,0.6494845360824743
610,136742990,188,0.6494845360824743
611,163668306,188,0.6494845360824743
612,166077409,188,0.6494845360824743
613,163590240,188,0.6494845360824743
614,166519527,188,0.6494845360824743
615,163667266,188,0.6494845360824743
616,165899067,188,0.6494845360824743
617,163822545,188,0.6494845360824743
618,79797023,188,0.6494845360824743
619,163680715,188,0.6494845360824743
620,163867302,188,0.6494845360824743
621,166081947,188,0.6494845360824743
622,166072790,188,0.6494845360824743
623,56397284,188,0.6494845360824743
624,163631039,188,0.6494845360824743
625,163631048,188,0.6494845360824743
626,166519455,188,0.6494845360824743
627,166519459,188,0.6494845360824743
628,168146459,188,0.6494845360824743
629,163733137,188,0.6494845360824743
630,3327892,188,0.6494845360824743
631,163700497,188,0.6494845360824743
632,163854927,188,0.6494845360824743
633,163854863,188,0.6494845360824743
634,163591929,188,0.6494845360824743
635,166082730,188,0.6494845360824743
636,165888745,188,0.6494845360824743
637,163631040,188,0.6494845360824743
638,166096260,188,0.6494845360824743
639,168134633,188,0.6494845360824743
640,163616196,188,0.6494845360824743
641,163667268,188,0.6494845360824743
642,163889333,188,0.6494845360824743
643,168139081,188,0.6494845360824743
644,149197183,188,0.6494845360824743
645,163621517,188,0.6494845360824743
646,163680708,188,0.6494845360824743
647,165849358,188,0.6494845360824743
648,163889332,188,0.6494845360824743
649,163657206,188,0.6494845360824743
650,61691532,188,0.6494845360824743
651,166499035,188,0.6494845360824743
652,168218244,188,0.6494845360824743
653,103912881,188,0.6494845360824743
654,163820063,188,0.6494845360824743
655,163734086,188,0.6494845360824743
656,163673271,188,0.6494845360824743
657,163830655,188,0.6494845360824743
658,163678499,188,0.6494845360824743
659,163678494,188,0.6494845360824743
660,163585083,188,0.6494845360824743
661,163846816,188,0.6494845360824743
662,163896345,188,0.6494845360824743
663,165851203,188,0.6494845360824743
664,166071624,188,0.6494845360824743
665,164757455,188,0.6494845360824743
666,163830653,188,0.6494845360824743
667,163631014,188,0.6494845360824743
668,165849938,188,0.6494845360824743
669,165849940,188,0.6494845360824743
670,163704788,188,0.6494845360824743
671,163885875,188,0.6494845360824743
672,163628898,188,0.6494845360824743
673,20015488,188,0.6494845360824743
674,166493414,188,0.6494845360824743
675,163596071,188,0.6494845360824743
676,163700463,188,0.6494845360824743
677,163806317,188,0.6494845360824743
678,163587099,188,0.6494845360824743
679,163631042,188,0.6494845360824743
680,43081308,188,0.6494845360824743
681,163586432,188,0.6494845360824743
682,163657757,188,0.6494845360824743
683,163655901,188,0.6494845360824743
684,46056975,188,0.6494845360824743
685,163708411,188,0.6494845360824743
686,163892593,188,0.6494845360824743
687,163667989,188,0.6494845360824743
688,163631049,188,0.6494845360824743
689,164885124,188,0.6494845360824743
690,163591148,188,0.6494845360824743
691,168139113,188,0.6494845360824743
692,165849617,188,0.6494845360824743
693,163806782,188,0.6494845360824743
694,141627204,188,0.6494845360824743
695,76999859,188,0.6494845360824743
696,165849952,188,0.6494845360824743
697,165849955,188,0.6494845360824743
698,165849672,188,0.6494845360824743
699,70310199,188,0.6494845360824743
700,165851369,188,0.6494845360824743
701,11942182,188,0.6494845360824743
702,55300089,188,0.6494845360824743
703,163586066,188,0.6494845360824743
704,163677648,188,0.6494845360824743
705,163586393,188,0.6494845360824743
706,163586398,188,0.6494845360824743
707,111236030,188,0.6494845360824743
708,168138727,188,0.6494845360824743
709,56397264,188,0.6494845360824743
710,165888463,188,0.6494845360824743
711,168195224,188,0.6494845360824743
712,168209097,188,0.6494845360824743
713,165879982,188,0.6494845360824743
714,167157547,188,0.6494845360824743
715,163892449,188,0.6494845360824743
716,163668300,188,0.6494845360824743
717,163815908,188,0.6494845360824743
718,166072474,188,0.6494845360824743
719,163661416,188,0.6494845360824743
720,168139417,188,0.6494845360824743
721,168139421,188,0.6494845360824743
722,163889688,188,0.6494845360824743
723,163889693,188,0.6494845360824743
724,163704789,188,0.6494845360824743
725,168182845,188,0.6494845360824743
726,163892569,188,0.6494845360824743
727,111236031,188,0.6494845360824743
728,163820081,188,0.6494845360824743
729,163822577,188,0.6494845360824743
730,163867295,188,0.6494845360824743
731,101010110,188,0.6494845360824743
732,141627708,188,0.6494845360824743
733,30504216,188,0.6494845360824743
734,166540115,188,0.6494845360824743
735,165862943,188,0.6494845360824743
736,166521553,188,0.6494845360824743
737,168209935,188,0.6494845360824743
738,163631022,188,0.6494845360824743
739,165903326,188,0.6494845360824743
740,130248559,188,0.6494845360824743
741,168219105,188,0.6494845360824743
742,3327977,188,0.6494845360824743
743,163709367,188,0.6494845360824743
744,163631032,188,0.6494845360824743
745,165887900,188,0.6494845360824743
746,166073491,188,0.6494845360824743
747,163621810,188,0.6494845360824743
748,168209105,188,0.6494845360824743
749,168209110,188,0.6494845360824743
750,80994857,188,0.6494845360824743
751,163621140,188,0.6494845360824743
752,165888456,188,0.6494845360824743
753,165902302,188,0.6494845360824743
754,168139047,188,0.6494845360824743
755,163889485,188,0.6494845360824743
756,163622456,188,0.6494845360824743
757,166084885,188,0.6494845360824743
758,3144627,188,0.6494845360824743
759,163699539,188,0.6494845360824743
760,163885872,188,0.6494845360824743
761,163892595,188,0.6494845360824743
762,163602570,188,0.6494845360824743
763,168209127,188,0.6494845360824743
764,23351249,188,0.6494845360824743
765,164775858,188,0.6494845360824743
766,163631028,188,0.6494845360824743
767,166072696,188,0.6494845360824743
768,71920284,188,0.6494845360824743
769,155767318,188,0.6494845360824743
770,163631015,188,0.6494845360824743
771,163603440,188,0.6494845360824743
772,163586382,188,0.6494845360824743
773,168205985,188,0.6494845360824743
774,163873927,188,0.6494845360824743
775,16705307,188,0.6494845360824743
776,163846822,188,0.6494845360824743
777,99628983,188,0.6494845360824743
778,163657761,188,0.6494845360824743
779,163889681,188,0.6494845360824743
780,163622199,188,0.6494845360824743
781,163622207,188,0.6494845360824743
782,165888485,188,0.6494845360824743
783,165888491,188,0.6494845360824743
784,70254048,188,0.6494845360824743
785,39080155,188,0.6494845360824743
786,166499393,188,0.6494845360824743
787,163868069,188,0.6494845360824743
788,165849653,188,0.6494845360824743
789,165849656,188,0.6494845360824743
790,37604172,188,0.6494845360824743
791,163700501,188,0.6494845360824743
792,41461991,188,0.6494845360824743
793,166094108,188,0.6494845360824743
794,163586423,188,0.6494845360824743
795,163815885,188,0.6494845360824743
796,163893329,188,0.6494845360824743
797,163893326,188,0.6494845360824743
798,163867298,188,0.6494845360824743
799,163886422,188,0.6494845360824743
800,168139088,188,0.6494845360824743
801,36709425,188,0.6494845360824743
802,166079431,188,0.6494845360824743
803,163709462,188,0.6494845360824743
804,165847451,188,0.6494845360824743
805,163822560,188,0.6494845360824743
806,141627663,188,0.6494845360824743
807,163631021,188,0.6494845360824743
808,166080284,188,0.6494845360824743
809,163700471,188,0.6494845360824743
810,163700810,188,0.6494845360824743
811,163585824,188,0.6494845360824743
812,163703139,188,0.6494845360824743
813,163884383,188,0.6494845360824743
814,164903666,188,0.6494845360824743
815,163701489,188,0.6494845360824743
816,163701496,188,0.6494845360824743
817,163846821,188,0.6494845360824743
818,163586160,188,0.6494845360824743
819,163586097,188,0.6494845360824743
820,131661785,188,0.6494845360824743
821,163633048,188,0.6494845360824743
822,168209108,188,0.6494845360824743
823,166519520,188,0.6494845360824743
824,7321787,188,0.6494845360824743
825,17763829,188,0.6494845360824743
826,163631017,188,0.6494845360824743
827,166519445,188,0.6494845360824743
828,163631030,188,0.6494845360824743
829,163889264,188,0.6494845360824743
830,163889326,188,0.6494845360824743
831,163896041,188,0.6494845360824743
832,166521560,188,0.6494845360824743
833,164105596,188,0.6494845360824743
834,163886786,188,0.6494845360824743
835,166073513,188,0.6494845360824743
836,163733372,188,0.6494845360824743
837,36727322,188,0.6494845360824743
838,57134700,188,0.6494845360824743
839,163700491,188,0.6494845360824743
840,61680761,188,0.6494845360824743
841,52530044,188,0.6494845360824743
842,163667312,188,0.6494845360824743
843,163667314,188,0.6494845360824743
844,163631025,188,0.6494845360824743
845,167987269,188,0.6494845360824743
846,163896497,188,0.6494845360824743
847,94802971,188,0.6494845360824743
848,165848748,188,0.6494845360824743
849,163032,188,0.6494845360824743
850,167720156,188,0.6494845360824743
851,168138716,188,0.6494845360824743
852,163822047,188,0.6494845360824743
853,100252189,188,0.6494845360824743
854,94138728,188,0.6494845360824743
855,166499053,188,0.6494845360824743
856,70496823,188,0.6494845360824743
857,165888492,188,0.6494845360824743
858,165888740,188,0.6494845360824743
859,163889350,188,0.6494845360824743
860,21839266,188,0.6494845360824743
861,163893314,188,0.6494845360824743
862,113860175,188,0.6494845360824743
863,165871061,188,0.6494845360824743
864,166067458,188,0.6494845360824743
865,163822573,188,0.6494845360824743
866,163692163,188,0.6494845360824743
867,163902163,188,0.6494845360824743
868,163820070,188,0.6494845360824743
869,165801992,188,0.6494845360824743
870,166100729,188,0.6494845360824743
871,163659792,188,0.6494845360824743
872,165856391,188,0.6494845360824743
873,165856396,188,0.6494845360824743
874,166868749,188,0.6494845360824743
875,166105237,188,0.6494845360824743
876,163888956,188,0.6494845360824743
877,163815905,188,0.6494845360824743
878,10000476,188,0.6494845360824743
879,165857793,188,0.6494845360824743
880,82843249,188,0.6494845360824743
881,165848394,188,0.6494845360824743
882,163912626,188,0.6494845360824743
883,163651262,188,0.6494845360824743
884,165851613,188,0.6494845360824743
885,134244855,188,0.6494845360824743
886,46085970,188,0.6494845360824743
887,165849645,188,0.6494845360824743
888,164885121,188,0.6494845360824743
889,163835349,188,0.6494845360824743
890,136123519,188,0.6494845360824743
891,165856764,188,0.6494845360824743
892,163631012,188,0.6494845360824743
893,1241223,188,0.6494845360824743
894,163893625,188,0.6494845360824743
895,163841677,188,0.6494845360824743
896,163868462,188,0.6494845360824743
897,118362088,188,0.6494845360824743
898,68922112,188,0.6494845360824743
899,163885559,188,0.6494845360824743
900,163889699,188,0.6494845360824743
901,165892031,188,0.6494845360824743
902,165849931,188,0.6494845360824743
903,165849935,188,0.6494845360824743
904,163585967,188,0.6494845360824743
905,163867597,188,0.6494845360824743
906,163867600,188,0.6494845360824743
907,165849947,188,0.6494845360824743
908,163701824,188,0.6494845360824743
909,168139044,188,0.6494845360824743
910,168166465,188,0.6494845360824743
911,166072794,188,0.6494845360824743
912,166073482,188,0.6494845360824743
913,163632995,188,0.6494845360824743
914,163654827,188,0.6494845360824743
915,56227025,188,0.6494845360824743
916,163709365,188,0.6494845360824743
917,163839400,188,0.6494845360824743
918,163839398,188,0.6494845360824743
919,163734085,188,0.6494845360824743
920,166499589,188,0.6494845360824743
921,163584363,188,0.6494845360824743
922,163588106,188,0.6494845360824743
923,163588105,188,0.6494845360824743
924,20783674,188,0.6494845360824743
925,168138721,188,0.6494845360824743
926,168218248,188,0.6494845360824743
927,168218467,188,0.6494845360824743
928,163705625,188,0.6494845360824743
929,163586150,188,0.6494845360824743
930,166499072,188,0.6494845360824743
931,166081723,188,0.6494845360824743
932,163631045,188,0.6494845360824743
933,10287910,188,0.6494845360824743
934,66070348,188,0.6494845360824743
935,163806553,188,0.6494845360824743
936,66291565,188,0.6494845360824743
937,166084361,188,0.6494845360824743
938,163631018,188,0.6494845360824743
939,166540293,188,0.6494845360824743
940,163888959,188,0.6494845360824743
941,163702754,188,0.6494845360824743
942,163703135,188,0.6494845360824743
943,163585508,188,0.6494845360824743
944,163885825,188,0.6494845360824743
945,26119367,188,0.6494845360824743
946,163742254,188,0.6494845360824743
947,163700265,188,0.6494845360824743
948,166869014,188,0.6494845360824743
949,163888966,188,0.6494845360824743
950,163816818,188,0.6494845360824743
951,167954487,188,0.6494845360824743
952,150117254,188,0.6494845360824743
953,166498559,188,0.6494845360824743
954,166499058,188,0.6494845360824743
955,163585943,188,0.6494845360824743
956,165888468,188,0.6494845360824743
957,163631036,188,0.6494845360824743
958,163702159,188,0.6494845360824743
959,163702431,188,0.6494845360824743
960,163592438,188,0.6494845360824743
961,163631031,188,0.6494845360824743
962,70419328,188,0.6494845360824743
963,166092954,188,0.6494845360824743
964,43878665,188,0.6494845360824743
965,166099745,188,0.6494845360824743
966,56347861,188,0.6494845360824743
967,87945740,188,0.6494845360824743
968,163896044,188,0.6494845360824743
969,163631050,188,0.6494845360824743
970,165849650,188,0.6494845360824743
971,166635078,188,0.6494845360824743
972,104152021,188,0.6494845360824743
973,163814928,188,0.6494845360824743
974,163701142,188,0.6494845360824743
975,165888471,188,0.6494845360824743
976,165888475,188,0.6494845360824743
977,166499135,188,0.6494845360824743
978,163892702,188,0.6494845360824743
979,163688735,188,0.6494845360824743
980,165201166,188,0.6494845360824743
981,163667623,188,0.6494845360824743
982,163586167,188,0.6494845360824743
983,165850116,188,0.6494845360824743
984,165889447,188,0.6494845360824743
985,163721269,188,0.6494845360824743
986,163714867,188,0.6494845360824743
987,163814932,188,0.6494845360824743
988,163818938,188,0.6494845360824743
989,35419241,188,0.6494845360824743
990,132539360,188,0.6494845360824743
991,163814887,188,0.6494845360824743
992,163591931,188,0.6494845360824743
993,165906967,188,0.6494845360824743
994,166103829,188,0.6494845360824743
995,166032217,188,0.6494845360824743
996,164433982,188,0.6494845360824743
997,142317103,188,0.6494845360824743
998,21627002,188,0.6494845360824743
999,11162476,188,0.6494845360824743
1000,163846809,188,0.6494845360824743
1001,163591911,188,0.6494845360824743
1002,168203742,188,0.6494845360824743
1003,22876976,188,0.6494845360824743
1004,163591915,188,0.6494845360824743
1005,163631034,188,0.6494845360824743
1006,166499142,188,0.6494845360824743
1007,166073568,188,0.6494845360824743
1008,163733138,188,0.6494845360824743
1009,165863235,188,0.6494845360824743
1010,165873526,188,0.6494845360824743
1011,163667307,188,0.6494845360824743
1012,108331153,188,0.6494845360824743
1013,163930663,188,0.6494845360824743
1014,166519464,188,0.6494845360824743
1015,166073566,188,0.6494845360824743
1016,89414169,188,0.6494845360824743
1017,46639218,188,0.6494845360824743
1018,91108821,188,0.6494845360824743
1019,163866492,188,0.6494845360824743
1020,163709729,188,0.6494845360824743
1021,163886427,188,0.6494845360824743
1022,163846815,188,0.6494845360824743
1023,164778196,188,0.6494845360824743
1024,166495212,188,0.6494845360824743
1025,165848399,188,0.6494845360824743
1026,165885355,188,0.6494845360824743
1027,163631013,188,0.6494845360824743
1028,163631129,188,0.6494845360824743
1029,163822045,188,0.6494845360824743
1030,164077595,188,0.6494845360824743
1031,163700516,188,0.6494845360824743
1032,123032607,188,0.6494845360824743
1033,163830656,188,0.6494845360824743
1034,163587098,188,0.6494845360824743
1035,165621409,188,0.6494845360824743
1036,163651955,188,0.6494845360824743
1037,166084937,188,0.6494845360824743
1038,166084945,188,0.6494845360824743
1039,124314892,188,0.6494845360824743
1040,166086630,188,0.6494845360824743
1041,163631009,188,0.6494845360824743
1042,163588110,188,0.6494845360824743
1043,57770601,188,0.6494845360824743
1044,168209102,188,0.6494845360824743
1045,163653572,188,0.6494845360824743
1046,166492297,188,0.6494845360824743
1047,163631019,188,0.6494845360824743
1048,166073487,188,0.6494845360824743
1049,164104950,188,0.6494845360824743
1050,165872867,188,0.6494845360824743
1051,166092497,188,0.6494845360824743
1052,163846831,188,0.6494845360824743
1053,166086658,188,0.6494845360824743
1054,163623028,188,0.6494845360824743
1055,163623055,188,0.6494845360824743
1056,163659455,188,0.6494845360824743
1057,93183233,188,0.6494845360824743
1058,123508661,188,0.6494845360824743
1059,163631027,188,0.6494845360824743
1060,163631011,188,0.6494845360824743
1061,142625039,188,0.6494845360824743
1062,168193729,188,0.6494845360824743
1063,166507953,188,0.6494845360824743
1064,163734084,188,0.6494845360824743
1065,84434593,188,0.6494845360824743
1066,165903360,188,0.6494845360824743
1067,165804298,188,0.6494845360824743
1068,163631041,188,0.6494845360824743
1069,163854929,188,0.6494845360824743
1070,200555652,238,1.0
1071,76863054,238,1.0
1072,200555271,238,1.0
1073,200555642,238,1.0
1074,200554517,238,1.0
1075,75236133,238,1.0
1076,200555704,238,1.0
1077,201891682,238,1.0
1078,200555658,238,1.0
1079,200555663,238,1.0
1080,200555263,238,1.0
1081,200555691,238,1.0
1082,200555680,238,1.0
1083,200555256,238,1.0
1084,200555260,238,1.0
1085,219649571,238,1.0
1086,200555686,238,1.0
1087,200555694,238,1.0
1088,200554221,238,1.0
1089,121819968,238,1.0
1090,72729518,270,0.6666666666666666
1091,72729791,270,0.6666666666666666
1092,73236123,278,1.0
1093,77540273,278,1.0
1094,73218950,270,0.6666666666666666
1095,73218947,270,0.6666666666666666
1096,72729015,270,0.6666666666666666
1097,73308970,270,0.6666666666666666
1098,73308972,270,0.6666666666666666
1099,73404999,270,0.6666666666666666
1100,26426320,270,0.6666666666666666
1101,13099921,270,0.6666666666666666
1102,42348741,278,1.0
1103,99964612,278,1.0
1104,72729001,270,0.6666666666666666
1105,73390511,278,1.0
1106,73219484,278,1.0
1107,73221727,278,1.0
1108,47307385,278,1.0
1109,72333940,270,0.6666666666666666
1110,11104947,270,0.6666666666666666
1111,73084080,278,1.0
1112,52768146,270,0.6666666666666666
1113,73235881,270,0.6666666666666666
1114,73221785,278,1.0
1115,73221550,278,1.0
1116,73221776,278,1.0
1117,73308635,270,0.6666666666666666
1118,73040277,270,0.6666666666666666
1119,73221487,278,1.0
1120,71464861,270,0.6666666666666666
1121,71769568,270,0.6666666666666666
1122,72640345,270,0.6666666666666666
1123,73002677,270,0.6666666666666666
1124,75343477,278,1.0
1125,73307929,270,0.6666666666666666
1126,72337674,270,0.6666666666666666
1127,73235856,270,0.6666666666666666
1128,73235864,270,0.6666666666666666
1129,73040284,270,0.6666666666666666
1130,70785967,270,0.6666666666666666
1131,73219430,278,1.0
1132,73307776,278,1.0
1133,73325705,270,0.6666666666666666
1134,67379804,270,0.6666666666666666
1135,73235876,270,0.6666666666666666
1136,72302225,270,0.6666666666666666
1137,73235709,270,0.6666666666666666
1138,73493146,270,0.6666666666666666
1139,73235711,270,0.6666666666666666
1140,99942043,270,0.6666666666666666
1141,72728992,270,0.6666666666666666
1142,73236121,278,1.0
1143,73405209,270,0.6666666666666666
1144,73235869,270,0.6666666666666666
1145,12446571,270,0.6666666666666666
1146,73307765,278,1.0
